"","dateTime","spotID","readingType","lat","long"
"494","9/2/2016 9:44","0-2571525","UNLIMITED-TRACK",38.08103,-124.02374
"495","9/2/2016 9:43","0-2571518","STOP",38.08249,-124.02614
"499","9/2/2016 9:18","0-2571525","UNLIMITED-TRACK",38.08465,-124.03339
"501","9/2/2016 9:13","0-2571518","STOP",38.08481,-124.03326
"504","9/2/2016 8:44","0-2571525","UNLIMITED-TRACK",38.08596,-124.03262
"505","9/2/2016 8:41","0-2571518","UNLIMITED-TRACK",38.0861,-124.03258
"509","9/2/2016 8:14","0-2571525","UNLIMITED-TRACK",38.08712,-124.03219
"510","9/2/2016 8:13","0-2571518","UNLIMITED-TRACK",38.08733,-124.03201
"514","9/2/2016 7:44","0-2571525","UNLIMITED-TRACK",38.08836,-124.03107
"515","9/2/2016 7:42","0-2571518","UNLIMITED-TRACK",38.08874,-124.03093
"519","9/2/2016 7:15","0-2571525","UNLIMITED-TRACK",38.09045,-124.02911
"521","9/2/2016 7:12","0-2571518","UNLIMITED-TRACK",38.09068,-124.02893
"524","9/2/2016 6:44","0-2571525","UNLIMITED-TRACK",38.09272,-124.02698
"525","9/2/2016 6:42","0-2571518","UNLIMITED-TRACK",38.09283,-124.02678
"529","9/2/2016 6:14","0-2571525","UNLIMITED-TRACK",38.09448,-124.02466
"531","9/2/2016 6:13","0-2571518","UNLIMITED-TRACK",38.09475,-124.0244
"534","9/2/2016 5:46","0-2571525","UNLIMITED-TRACK",38.09655,-124.02266
"535","9/2/2016 5:44","0-2571518","UNLIMITED-TRACK",38.09667,-124.02249
"540","9/2/2016 5:16","0-2571525","UNLIMITED-TRACK",38.09878,-124.0194
"541","9/2/2016 5:13","0-2571518","UNLIMITED-TRACK",38.09888,-124.01918
"546","9/2/2016 4:48","0-2571525","UNLIMITED-TRACK",38.10125,-124.0164
"547","9/2/2016 4:42","0-2571518","UNLIMITED-TRACK",38.10179,-124.01584
"552","9/2/2016 4:14","0-2571518","UNLIMITED-TRACK",38.10455,-124.01292
"556","9/2/2016 3:45","0-2571525","UNLIMITED-TRACK",38.10738,-124.00928
"557","9/2/2016 3:43","0-2571518","UNLIMITED-TRACK",38.10758,-124.00902
"562","9/2/2016 3:15","0-2571525","UNLIMITED-TRACK",38.11021,-124.0055
"563","9/2/2016 3:14","0-2571518","UNLIMITED-TRACK",38.11077,-124.00494
"565","9/2/2016 2:49","0-2571525","UNLIMITED-TRACK",38.11356,-124.00153
"567","9/2/2016 2:43","0-2571518","UNLIMITED-TRACK",38.1146,-124.00079
"570","9/2/2016 2:15","0-2571518","UNLIMITED-TRACK",38.11803,-123.99704
"571","9/2/2016 2:15","0-2571525","UNLIMITED-TRACK",38.11803,-123.99704
"575","9/2/2016 1:45","0-2571525","UNLIMITED-TRACK",38.12206,-123.99395
"576","9/2/2016 1:44","0-2571518","UNLIMITED-TRACK",38.12226,-123.99376
"579","9/2/2016 1:15","0-2571525","UNLIMITED-TRACK",38.12588,-123.99155
"580","9/2/2016 1:14","0-2571518","UNLIMITED-TRACK",38.12625,-123.99127
"584","9/2/2016 0:45","0-2571525","UNLIMITED-TRACK",38.12994,-123.98863
"585","9/2/2016 0:44","0-2571518","UNLIMITED-TRACK",38.13006,-123.98857
"589","9/2/2016 0:15","0-2571518","UNLIMITED-TRACK",38.13361,-123.9864
"593","9/1/2016 23:49","0-2571525","UNLIMITED-TRACK",38.13642,-123.98503
"594","9/1/2016 23:44","0-2571518","UNLIMITED-TRACK",38.13714,-123.98479
"598","9/1/2016 23:15","0-2571518","UNLIMITED-TRACK",38.14043,-123.98332
"602","9/1/2016 22:49","0-2571525","UNLIMITED-TRACK",38.14007,-123.98469
"603","9/1/2016 22:45","0-2571518","UNLIMITED-TRACK",38.14454,-123.98196
"606","9/1/2016 22:16","0-2571518","UNLIMITED-TRACK",38.14846,-123.98073
"611","9/1/2016 21:45","0-2571525","UNLIMITED-TRACK",38.1524,-123.97968
"612","9/1/2016 21:45","0-2571518","UNLIMITED-TRACK",38.15245,-123.97966
"615","9/1/2016 21:19","0-2571525","UNLIMITED-TRACK",38.15607,-123.97934
"617","9/1/2016 21:16","0-2571518","UNLIMITED-TRACK",38.15647,-123.97929
"620","9/1/2016 20:49","0-2571525","UNLIMITED-TRACK",38.16006,-123.97865
"622","9/1/2016 20:45","0-2571518","UNLIMITED-TRACK",38.16068,-123.97855
"625","9/1/2016 20:19","0-2571525","UNLIMITED-TRACK",38.16478,-123.97779
"628","9/1/2016 20:16","0-2571518","UNLIMITED-TRACK",38.16487,-123.97769
"632","9/1/2016 19:45","0-2571518","UNLIMITED-TRACK",38.16933,-123.97679
"635","9/1/2016 19:19","0-2571525","UNLIMITED-TRACK",38.17335,-123.97548
"637","9/1/2016 19:16","0-2571518","UNLIMITED-TRACK",38.17382,-123.97537
"640","9/1/2016 18:46","0-2571518","UNLIMITED-TRACK",38.17801,-123.97418
"644","9/1/2016 18:17","0-2571518","UNLIMITED-TRACK",38.18269,-123.97354
"646","9/1/2016 18:16","0-2571525","UNLIMITED-TRACK",38.18282,-123.97353
"649","9/1/2016 17:49","0-2571525","UNLIMITED-TRACK",38.18689,-123.97273
"650","9/1/2016 17:47","0-2571518","UNLIMITED-TRACK",38.18724,-123.97269
"654","9/1/2016 17:17","0-2571518","UNLIMITED-TRACK",38.19166,-123.97183
"656","9/1/2016 17:16","0-2571525","UNLIMITED-TRACK",38.19156,-123.97179
"659","9/1/2016 16:47","0-2571525","UNLIMITED-TRACK",38.19553,-123.97041
"660","9/1/2016 16:46","0-2571518","UNLIMITED-TRACK",38.19577,-123.97035
"664","9/1/2016 16:20","0-2571525","UNLIMITED-TRACK",38.19932,-123.96867
"665","9/1/2016 16:17","0-2571518","UNLIMITED-TRACK",38.19981,-123.96841
"669","9/1/2016 15:47","0-2571525","UNLIMITED-TRACK",38.20369,-123.96586
"670","9/1/2016 15:46","0-2571518","UNLIMITED-TRACK",38.20378,-123.96577
"674","9/1/2016 15:17","0-2571518","UNLIMITED-TRACK",38.20754,-123.96346
"678","9/1/2016 14:50","0-2571525","UNLIMITED-TRACK",38.21124,-123.96063
"679","9/1/2016 14:46","0-2571518","UNLIMITED-TRACK",38.21168,-123.96028
"683","9/1/2016 14:18","0-2571518","UNLIMITED-TRACK",38.21582,-123.95663
"685","9/1/2016 14:17","0-2571525","UNLIMITED-TRACK",38.21595,-123.95651
"689","9/1/2016 13:47","0-2571525","UNLIMITED-TRACK",38.22063,-123.95273
"690","9/1/2016 13:47","0-2571518","UNLIMITED-TRACK",38.22072,-123.95265
"694","9/1/2016 13:17","0-2571518","UNLIMITED-TRACK",38.22541,-123.94911
"696","9/1/2016 13:17","0-2571525","UNLIMITED-TRACK",38.22496,-123.94964
"701","9/1/2016 12:47","0-2571525","UNLIMITED-TRACK",38.23014,-123.9465
"702","9/1/2016 12:47","0-2571518","UNLIMITED-TRACK",38.23022,-123.9464
"705","9/1/2016 12:19","0-2571518","UNLIMITED-TRACK",38.23456,-123.94438
"707","9/1/2016 12:17","0-2571525","UNLIMITED-TRACK",38.23481,-123.94432
"711","9/1/2016 11:47","0-2571518","UNLIMITED-TRACK",38.2397,-123.94185
"714","9/1/2016 11:20","0-2571525","UNLIMITED-TRACK",38.24395,-123.9402
"717","9/1/2016 11:17","0-2571518","UNLIMITED-TRACK",38.24433,-123.94005
"720","9/1/2016 10:48","0-2571518","UNLIMITED-TRACK",38.25037,-123.93768
"721","9/1/2016 10:47","0-2571525","UNLIMITED-TRACK",38.25042,-123.93767
"725","9/1/2016 10:20","0-2571525","UNLIMITED-TRACK",38.25579,-123.93565
"727","9/1/2016 10:18","0-2571518","UNLIMITED-TRACK",38.25603,-123.93562
"732","9/1/2016 9:48","0-2571518","UNLIMITED-TRACK",38.26223,-123.9334
"735","9/1/2016 9:21","0-2571525","UNLIMITED-TRACK",38.26768,-123.9315
"737","9/1/2016 9:19","0-2571518","UNLIMITED-TRACK",38.26823,-123.93121
"742","9/1/2016 8:48","0-2571518","UNLIMITED-TRACK",38.2746,-123.92996
"747","9/1/2016 8:19","0-2571518","UNLIMITED-TRACK",38.27979,-123.93047
"748","9/1/2016 8:17","0-2571525","UNLIMITED-TRACK",38.28013,-123.9305
"752","9/1/2016 7:49","0-2571518","UNLIMITED-TRACK",38.28533,-123.93167
"754","9/1/2016 7:47","0-2571525","UNLIMITED-TRACK",38.28481,-123.93162
"757","9/1/2016 7:19","0-2571518","UNLIMITED-TRACK",38.2906,-123.93245
"759","9/1/2016 7:17","0-2571525","UNLIMITED-TRACK",38.29047,-123.93231
"762","9/1/2016 6:48","0-2571518","UNLIMITED-TRACK",38.29582,-123.9335
"766","9/1/2016 6:18","0-2571518","UNLIMITED-TRACK",38.30024,-123.93427
"770","9/1/2016 5:50","0-2571518","UNLIMITED-TRACK",38.30505,-123.93422
"774","9/1/2016 5:20","0-2571525","UNLIMITED-TRACK",38.31018,-123.93428
"775","9/1/2016 5:20","0-2571518","UNLIMITED-TRACK",38.31021,-123.93433
"780","9/1/2016 4:49","0-2571518","UNLIMITED-TRACK",38.31436,-123.93401
"781","9/1/2016 4:48","0-2571525","UNLIMITED-TRACK",38.31508,-123.93436
"784","9/1/2016 4:20","0-2571525","UNLIMITED-TRACK",38.31981,-123.93343
"785","9/1/2016 4:20","0-2571518","UNLIMITED-TRACK",38.31992,-123.93344
"789","9/1/2016 3:50","0-2571525","UNLIMITED-TRACK",38.32565,-123.93146
"790","9/1/2016 3:49","0-2571518","UNLIMITED-TRACK",38.32552,-123.93149
"794","9/1/2016 3:22","0-2571525","UNLIMITED-TRACK",38.33054,-123.92963
"796","9/1/2016 3:20","0-2571518","UNLIMITED-TRACK",38.331,-123.92949
"799","9/1/2016 2:52","0-2571525","UNLIMITED-TRACK",38.33599,-123.92817
"800","9/1/2016 2:50","0-2571518","UNLIMITED-TRACK",38.33644,-123.9281
"804","9/1/2016 2:21","0-2571518","UNLIMITED-TRACK",38.34148,-123.9263
"809","9/1/2016 1:50","0-2571518","UNLIMITED-TRACK",38.34643,-123.9254
"812","9/1/2016 1:21","0-2571518","UNLIMITED-TRACK",38.35019,-123.92505
"817","9/1/2016 0:50","0-2571518","UNLIMITED-TRACK",38.35562,-123.9245
"818","9/1/2016 0:50","0-2571525","UNLIMITED-TRACK",38.35572,-123.92447
"821","9/1/2016 0:21","0-2571518","UNLIMITED-TRACK",38.36089,-123.92398
"822","9/1/2016 0:20","0-2571525","UNLIMITED-TRACK",38.36106,-123.92393
"827","8/31/2016 23:53","0-2571525","UNLIMITED-TRACK",38.36593,-123.92342
"828","8/31/2016 23:51","0-2571518","UNLIMITED-TRACK",38.36625,-123.92342
"832","8/31/2016 23:24","0-2571525","UNLIMITED-TRACK",38.37017,-123.92303
"834","8/31/2016 23:22","0-2571518","UNLIMITED-TRACK",38.37057,-123.92305
"838","8/31/2016 22:51","0-2571518","UNLIMITED-TRACK",38.3763,-123.92226
"839","8/31/2016 22:50","0-2571525","UNLIMITED-TRACK",38.37645,-123.92226
"842","8/31/2016 22:22","0-2571518","UNLIMITED-TRACK",38.38145,-123.92229
"843","8/31/2016 22:20","0-2571525","UNLIMITED-TRACK",38.38113,-123.92226
"848","8/31/2016 21:51","0-2571518","UNLIMITED-TRACK",38.3864,-123.92288
"849","8/31/2016 21:50","0-2571525","UNLIMITED-TRACK",38.38654,-123.92286
"852","8/31/2016 21:24","0-2571525","UNLIMITED-TRACK",38.39011,-123.92329
"853","8/31/2016 21:22","0-2571518","UNLIMITED-TRACK",38.39037,-123.92334
"857","8/31/2016 20:54","0-2571525","UNLIMITED-TRACK",38.39397,-123.9241
"859","8/31/2016 20:51","0-2571518","UNLIMITED-TRACK",38.39447,-123.92403
"862","8/31/2016 20:23","0-2571518","UNLIMITED-TRACK",38.39814,-123.92494
"865","8/31/2016 20:20","0-2571525","UNLIMITED-TRACK",38.39845,-123.92505
"869","8/31/2016 19:52","0-2571518","UNLIMITED-TRACK",38.40213,-123.92673
"871","8/31/2016 19:50","0-2571525","UNLIMITED-TRACK",38.40234,-123.92688
"877","8/31/2016 19:22","0-2571518","UNLIMITED-TRACK",38.40585,-123.92931
"880","8/31/2016 19:20","0-2571525","UNLIMITED-TRACK",38.4056,-123.92911
"884","8/31/2016 18:52","0-2571518","UNLIMITED-TRACK",38.40935,-123.93285
"886","8/31/2016 18:51","0-2571525","UNLIMITED-TRACK",38.40942,-123.9328
"892","8/31/2016 18:22","0-2571518","UNLIMITED-TRACK",38.41272,-123.93672
"893","8/31/2016 18:21","0-2571525","UNLIMITED-TRACK",38.4128,-123.93681
"899","8/31/2016 17:52","0-2571518","UNLIMITED-TRACK",38.41653,-123.9393
"901","8/31/2016 17:51","0-2571525","UNLIMITED-TRACK",38.41615,-123.93913
"907","8/31/2016 17:23","0-2571518","UNLIMITED-TRACK",38.42128,-123.9413
"910","8/31/2016 17:21","0-2571525","UNLIMITED-TRACK",38.42151,-123.94136
"914","8/31/2016 17:00","0-2571518","UNLIMITED-TRACK",38.42504,-123.94296
"915","8/31/2016 16:52","0-2571518","UNLIMITED-TRACK",38.42639,-123.9437
"917","8/31/2016 16:51","0-2571525","UNLIMITED-TRACK",38.42654,-123.9438
"921","8/31/2016 16:24","0-2571525","UNLIMITED-TRACK",38.43135,-123.9464
"922","8/31/2016 16:23","0-2571518","UNLIMITED-TRACK",38.43144,-123.94649
"927","8/31/2016 15:53","0-2571518","UNLIMITED-TRACK",38.43687,-123.95018
"930","8/31/2016 15:52","0-2571525","UNLIMITED-TRACK",38.43704,-123.95024
"933","8/31/2016 15:23","0-2571518","UNLIMITED-TRACK",38.44182,-123.95377
"935","8/31/2016 15:22","0-2571525","UNLIMITED-TRACK",38.44201,-123.95387
"939","8/31/2016 14:56","0-2571525","UNLIMITED-TRACK",38.44621,-123.95647
"940","8/31/2016 14:53","0-2571518","UNLIMITED-TRACK",38.4466,-123.9568
"946","8/31/2016 14:24","0-2571518","UNLIMITED-TRACK",38.44989,-123.96027
"948","8/31/2016 14:22","0-2571525","UNLIMITED-TRACK",38.45007,-123.96042
"954","8/31/2016 13:53","0-2571518","UNLIMITED-TRACK",38.45271,-123.96318
"956","8/31/2016 13:52","0-2571525","UNLIMITED-TRACK",38.45281,-123.96332
"961","8/31/2016 13:24","0-2571518","UNLIMITED-TRACK",38.45524,-123.96509
"963","8/31/2016 13:22","0-2571525","UNLIMITED-TRACK",38.45522,-123.96497
"970","8/31/2016 12:53","0-2571518","UNLIMITED-TRACK",38.4583,-123.96652
"975","8/31/2016 12:24","0-2571518","UNLIMITED-TRACK",38.46157,-123.96744
"981","8/31/2016 11:54","0-2571518","UNLIMITED-TRACK",38.46513,-123.96869
"988","8/31/2016 11:25","0-2571518","UNLIMITED-TRACK",38.46802,-123.97076
"989","8/31/2016 11:23","0-2571525","UNLIMITED-TRACK",38.46823,-123.97093
"996","8/31/2016 10:54","0-2571518","UNLIMITED-TRACK",38.47086,-123.97281
"998","8/31/2016 10:53","0-2571525","UNLIMITED-TRACK",38.47099,-123.97289
"1004","8/31/2016 10:25","0-2571518","UNLIMITED-TRACK",38.47319,-123.97495
"1006","8/31/2016 10:23","0-2571525","UNLIMITED-TRACK",38.47309,-123.97486
"1014","8/31/2016 9:55","0-2571518","UNLIMITED-TRACK",38.47589,-123.97728
"1016","8/31/2016 9:53","0-2571525","UNLIMITED-TRACK",38.47598,-123.97737
"1021","8/31/2016 9:25","0-2571518","UNLIMITED-TRACK",38.47852,-123.97945
"1023","8/31/2016 9:23","0-2571525","UNLIMITED-TRACK",38.47868,-123.9796
"1029","8/31/2016 8:55","0-2571518","UNLIMITED-TRACK",38.48114,-123.98166
"1031","8/31/2016 8:53","0-2571525","UNLIMITED-TRACK",38.48095,-123.98149
"1037","8/31/2016 8:26","0-2571518","UNLIMITED-TRACK",38.48325,-123.98419
"1045","8/31/2016 7:55","0-2571518","UNLIMITED-TRACK",38.48594,-123.98759
"1047","8/31/2016 7:53","0-2571525","UNLIMITED-TRACK",38.48611,-123.98784
"1053","8/31/2016 7:27","0-2571525","UNLIMITED-TRACK",38.48914,-123.99089
"1054","8/31/2016 7:26","0-2571518","UNLIMITED-TRACK",38.48922,-123.99095
"1062","8/31/2016 6:56","0-2571518","UNLIMITED-TRACK",38.49277,-123.99435
"1064","8/31/2016 6:55","0-2571525","UNLIMITED-TRACK",38.49283,-123.9944
"1071","8/31/2016 6:26","0-2571518","UNLIMITED-TRACK",38.49665,-123.99777
"1074","8/31/2016 6:24","0-2571525","UNLIMITED-TRACK",38.49698,-123.99799
"1080","8/31/2016 5:56","0-2571518","UNLIMITED-TRACK",38.50105,-124.00082
"1082","8/31/2016 5:55","0-2571525","UNLIMITED-TRACK",38.50073,-124.00058
"1089","8/31/2016 5:27","0-2571518","UNLIMITED-TRACK",38.50578,-124.00305
"1091","8/31/2016 5:25","0-2571525","UNLIMITED-TRACK",38.50615,-124.00316
"1098","8/31/2016 4:56","0-2571518","UNLIMITED-TRACK",38.51086,-124.00639
"1102","8/31/2016 4:54","0-2571525","UNLIMITED-TRACK",38.51116,-124.00664
"1108","8/31/2016 4:28","0-2571518","UNLIMITED-TRACK",38.51529,-124.01018
"1116","8/31/2016 3:57","0-2571518","UNLIMITED-TRACK",38.51933,-124.01457
"1119","8/31/2016 3:54","0-2571525","UNLIMITED-TRACK",38.5196,-124.01494
"1126","8/31/2016 3:28","0-2571518","UNLIMITED-TRACK",38.5229,-124.01868
"1129","8/31/2016 3:27","0-2571525","UNLIMITED-TRACK",38.52309,-124.01883
"1136","8/31/2016 2:57","0-2571518","UNLIMITED-TRACK",38.52735,-124.02319
"1140","8/31/2016 2:54","0-2571525","UNLIMITED-TRACK",38.52724,-124.02301
"1144","8/31/2016 2:28","0-2571518","UNLIMITED-TRACK",38.5313,-124.02756
"1153","8/31/2016 1:57","0-2571518","UNLIMITED-TRACK",38.53486,-124.03163
"1156","8/31/2016 1:55","0-2571525","UNLIMITED-TRACK",38.53515,-124.03195
"1163","8/31/2016 1:28","0-2571518","UNLIMITED-TRACK",38.5386,-124.0356
"1166","8/31/2016 1:25","0-2571525","UNLIMITED-TRACK",38.5389,-124.03601
"1174","8/31/2016 0:58","0-2571525","UNLIMITED-TRACK",38.54161,-124.03964
"1175","8/31/2016 0:58","0-2571518","UNLIMITED-TRACK",38.54161,-124.0397
"1182","8/31/2016 0:29","0-2571518","UNLIMITED-TRACK",38.54429,-124.04346
"1183","8/31/2016 0:27","0-2571525","UNLIMITED-TRACK",38.54438,-124.04358
"1191","8/30/2016 23:58","0-2571518","UNLIMITED-TRACK",38.54627,-124.04675
"1193","8/30/2016 23:57","0-2571525","UNLIMITED-TRACK",38.5463,-124.0468
"1200","8/30/2016 23:29","0-2571525","UNLIMITED-TRACK",38.5471,-124.04916
"1201","8/30/2016 23:28","0-2571518","UNLIMITED-TRACK",38.54722,-124.04916
"1209","8/30/2016 22:58","0-2571518","UNLIMITED-TRACK",38.54844,-124.05148
"1213","8/30/2016 22:55","0-2571525","UNLIMITED-TRACK",38.54854,-124.05174
"1218","8/30/2016 22:28","0-2571518","UNLIMITED-TRACK",38.54943,-124.0546
"1222","8/30/2016 22:25","0-2571525","UNLIMITED-TRACK",38.54959,-124.05493
"1227","8/30/2016 21:58","0-2571518","UNLIMITED-TRACK",38.55008,-124.05887
"1231","8/30/2016 21:55","0-2571525","UNLIMITED-TRACK",38.5501,-124.05871
"1237","8/30/2016 21:29","0-2571518","UNLIMITED-TRACK",38.55002,-124.06277
"1240","8/30/2016 21:25","0-2571525","UNLIMITED-TRACK",38.55006,-124.06323
"1245","8/30/2016 20:58","0-2571518","UNLIMITED-TRACK",38.55078,-124.06667
"1249","8/30/2016 20:55","0-2571525","UNLIMITED-TRACK",38.55078,-124.06703
"1253","8/30/2016 20:29","0-2571518","UNLIMITED-TRACK",38.55155,-124.06985
"1257","8/30/2016 20:25","0-2571525","UNLIMITED-TRACK",38.55155,-124.06995
"1262","8/30/2016 19:58","0-2571518","UNLIMITED-TRACK",38.55294,-124.07285
"1266","8/30/2016 19:55","0-2571525","UNLIMITED-TRACK",38.55301,-124.07287
"1271","8/30/2016 19:29","0-2571518","UNLIMITED-TRACK",38.5545,-124.07567
"1280","8/30/2016 18:59","0-2571518","UNLIMITED-TRACK",38.55647,-124.07837
"1287","8/30/2016 18:29","0-2571518","UNLIMITED-TRACK",38.55908,-124.08118
"1295","8/30/2016 17:59","0-2571518","UNLIMITED-TRACK",38.56217,-124.08401
"1299","8/30/2016 17:58","0-2571525","UNLIMITED-TRACK",38.56233,-124.08418
"1305","8/30/2016 17:30","0-2571518","UNLIMITED-TRACK",38.56493,-124.0876
"1309","8/30/2016 17:26","0-2571525","UNLIMITED-TRACK",38.56254,-124.08745
"1314","8/30/2016 17:01","0-2571518","UNLIMITED-TRACK",38.56778,-124.09196
"1316","8/30/2016 16:59","0-2571518","UNLIMITED-TRACK",38.56794,-124.09222
"1318","8/30/2016 16:58","0-2571525","UNLIMITED-TRACK",38.56799,-124.09232
"1324","8/30/2016 16:30","0-2571518","UNLIMITED-TRACK",38.57076,-124.09677
"1328","8/30/2016 16:27","0-2571525","UNLIMITED-TRACK",38.57114,-124.09729
"1333","8/30/2016 16:00","0-2571518","UNLIMITED-TRACK",38.57394,-124.10155
"1337","8/30/2016 15:57","0-2571525","UNLIMITED-TRACK",38.57436,-124.10218
"1340","8/30/2016 15:30","0-2571518","UNLIMITED-TRACK",38.57728,-124.10683
"1344","8/30/2016 15:27","0-2571525","UNLIMITED-TRACK",38.57741,-124.10699
"1349","8/30/2016 15:00","0-2571518","UNLIMITED-TRACK",38.5807,-124.11221
"1353","8/30/2016 14:58","0-2571525","UNLIMITED-TRACK",38.58099,-124.11266
"1358","8/30/2016 14:31","0-2571518","UNLIMITED-TRACK",38.58379,-124.11832
"1362","8/30/2016 14:28","0-2571525","UNLIMITED-TRACK",38.58397,-124.11903
"1366","8/30/2016 14:00","0-2571518","UNLIMITED-TRACK",38.58646,-124.12407
"1370","8/30/2016 13:58","0-2571525","UNLIMITED-TRACK",38.58665,-124.12453
"1374","8/30/2016 13:31","0-2571518","UNLIMITED-TRACK",38.58906,-124.12962
"1378","8/30/2016 13:27","0-2571525","UNLIMITED-TRACK",38.58945,-124.13055
"1382","8/30/2016 13:00","0-2571518","UNLIMITED-TRACK",38.59144,-124.13525
"1386","8/30/2016 12:59","0-2571525","UNLIMITED-TRACK",38.59151,-124.13548
"1390","8/30/2016 12:31","0-2571518","UNLIMITED-TRACK",38.59328,-124.1413
"1395","8/30/2016 12:27","0-2571525","UNLIMITED-TRACK",38.59354,-124.14218
"1400","8/30/2016 12:01","0-2571518","UNLIMITED-TRACK",38.59499,-124.14769
"1403","8/30/2016 11:57","0-2571525","UNLIMITED-TRACK",38.59513,-124.14845
"1407","8/30/2016 11:31","0-2571518","UNLIMITED-TRACK",38.59596,-124.15366
"1411","8/30/2016 11:29","0-2571525","UNLIMITED-TRACK",38.596,-124.15407
"1418","8/30/2016 11:01","0-2571518","UNLIMITED-TRACK",38.59612,-124.15991
"1420","8/30/2016 10:57","0-2571525","UNLIMITED-TRACK",38.59608,-124.16068
"1426","8/30/2016 10:32","0-2571518","UNLIMITED-TRACK",38.59496,-124.16621
"1430","8/30/2016 10:27","0-2571525","UNLIMITED-TRACK",38.59484,-124.16703
"1437","8/30/2016 10:01","0-2571518","UNLIMITED-TRACK",38.59328,-124.17357
"1439","8/30/2016 9:57","0-2571525","UNLIMITED-TRACK",38.59334,-124.17355
"1443","8/30/2016 9:32","0-2571518","UNLIMITED-TRACK",38.59119,-124.18048
"1447","8/30/2016 9:28","0-2571525","UNLIMITED-TRACK",38.59095,-124.18147
"1454","8/30/2016 9:01","0-2571518","UNLIMITED-TRACK",38.58894,-124.18729
"1455","8/30/2016 9:00","0-2571525","UNLIMITED-TRACK",38.5888,-124.18765
"1461","8/30/2016 8:33","0-2571518","UNLIMITED-TRACK",38.58652,-124.19273
"1465","8/30/2016 8:28","0-2571525","UNLIMITED-TRACK",38.58644,-124.19289
"1470","8/30/2016 8:02","0-2571518","UNLIMITED-TRACK",38.58382,-124.19838
"1473","8/30/2016 8:00","0-2571525","UNLIMITED-TRACK",38.58365,-124.19865
"1478","8/30/2016 7:32","0-2571518","UNLIMITED-TRACK",38.58147,-124.20297
"1481","8/30/2016 7:30","0-2571525","UNLIMITED-TRACK",38.58129,-124.20334
"1489","8/30/2016 7:02","0-2571518","UNLIMITED-TRACK",38.5794,-124.20683
"1490","8/30/2016 7:00","0-2571525","UNLIMITED-TRACK",38.57936,-124.20677
"1496","8/30/2016 6:33","0-2571518","UNLIMITED-TRACK",38.57758,-124.20988
"1499","8/30/2016 6:28","0-2571525","UNLIMITED-TRACK",38.57734,-124.21025
"1506","8/30/2016 6:02","0-2571518","UNLIMITED-TRACK",38.57623,-124.21216
"1508","8/30/2016 5:58","0-2571525","UNLIMITED-TRACK",38.57607,-124.21234
"1514","8/30/2016 5:33","0-2571518","UNLIMITED-TRACK",38.57534,-124.21391
"1517","8/30/2016 5:28","0-2571525","UNLIMITED-TRACK",38.57534,-124.21388
"1524","8/30/2016 5:02","0-2571518","UNLIMITED-TRACK",38.57543,-124.21593
"1527","8/30/2016 4:59","0-2571525","UNLIMITED-TRACK",38.5755,-124.21617
"1533","8/30/2016 4:33","0-2571518","UNLIMITED-TRACK",38.57671,-124.21834
"1536","8/30/2016 4:29","0-2571525","UNLIMITED-TRACK",38.57696,-124.21866
"1542","8/30/2016 4:02","0-2571518","UNLIMITED-TRACK",38.57898,-124.22116
"1544","8/30/2016 4:02","0-2571525","UNLIMITED-TRACK",38.57898,-124.22124
"1551","8/30/2016 3:33","0-2571518","UNLIMITED-TRACK",38.5813,-124.2242
"1554","8/30/2016 3:30","0-2571525","UNLIMITED-TRACK",38.58157,-124.22452
"1561","8/30/2016 3:02","0-2571518","UNLIMITED-TRACK",38.58388,-124.22757
"1562","8/30/2016 3:02","0-2571525","UNLIMITED-TRACK",38.58391,-124.22759
"1571","8/30/2016 2:33","0-2571518","UNLIMITED-TRACK",38.58658,-124.23111
"1580","8/30/2016 2:03","0-2571518","UNLIMITED-TRACK",38.58933,-124.23532
"1582","8/30/2016 2:00","0-2571525","UNLIMITED-TRACK",38.5896,-124.23576
"1589","8/30/2016 1:33","0-2571518","UNLIMITED-TRACK",38.59167,-124.23926
"1591","8/30/2016 1:30","0-2571525","UNLIMITED-TRACK",38.59186,-124.2397
"1598","8/30/2016 1:03","0-2571518","UNLIMITED-TRACK",38.59376,-124.24324
"1604","8/30/2016 0:34","0-2571518","UNLIMITED-TRACK",38.59567,-124.24791
"1606","8/30/2016 0:30","0-2571525","UNLIMITED-TRACK",38.59592,-124.24867
"1612","8/30/2016 0:03","0-2571518","UNLIMITED-TRACK",38.59746,-124.25343
"1620","8/29/2016 23:34","0-2571525","UNLIMITED-TRACK",38.59862,-124.25903
"1621","8/29/2016 23:34","0-2571518","UNLIMITED-TRACK",38.59872,-124.25912
"1630","8/29/2016 23:03","0-2571518","UNLIMITED-TRACK",38.59933,-124.26558
"1639","8/29/2016 22:34","0-2571518","UNLIMITED-TRACK",38.59932,-124.27159
"1641","8/29/2016 22:31","0-2571525","UNLIMITED-TRACK",38.59927,-124.27234
"1648","8/29/2016 22:04","0-2571518","UNLIMITED-TRACK",38.59865,-124.27823
"1651","8/29/2016 22:01","0-2571525","UNLIMITED-TRACK",38.59856,-124.27887
"1657","8/29/2016 21:34","0-2571518","UNLIMITED-TRACK",38.59782,-124.2841
"1660","8/29/2016 21:31","0-2571525","UNLIMITED-TRACK",38.59781,-124.28401
"1667","8/29/2016 21:04","0-2571518","UNLIMITED-TRACK",38.59645,-124.2899
"1669","8/29/2016 21:01","0-2571525","UNLIMITED-TRACK",38.59626,-124.29056
"1675","8/29/2016 20:34","0-2571518","UNLIMITED-TRACK",38.59469,-124.29588
"1684","8/29/2016 20:04","0-2571518","UNLIMITED-TRACK",38.59242,-124.30168
"1686","8/29/2016 20:01","0-2571525","UNLIMITED-TRACK",38.59214,-124.30226
"1692","8/29/2016 19:35","0-2571518","UNLIMITED-TRACK",38.59005,-124.30667
"1695","8/29/2016 19:31","0-2571525","UNLIMITED-TRACK",38.58987,-124.30715
"1701","8/29/2016 19:04","0-2571518","UNLIMITED-TRACK",38.58796,-124.31145
"1704","8/29/2016 19:01","0-2571525","UNLIMITED-TRACK",38.58773,-124.31198
"1710","8/29/2016 18:35","0-2571518","UNLIMITED-TRACK",38.58598,-124.31631
"1713","8/29/2016 18:32","0-2571525","UNLIMITED-TRACK",38.58581,-124.31674
"1719","8/29/2016 18:05","0-2571518","UNLIMITED-TRACK",38.58387,-124.32083
"1721","8/29/2016 18:02","0-2571525","UNLIMITED-TRACK",38.58366,-124.3212
"1728","8/29/2016 17:36","0-2571518","UNLIMITED-TRACK",38.58161,-124.32492
"1731","8/29/2016 17:32","0-2571525","UNLIMITED-TRACK",38.58131,-124.32545
"1737","8/29/2016 17:05","0-2571518","UNLIMITED-TRACK",38.57904,-124.32932
"1739","8/29/2016 17:01","0-2571525","UNLIMITED-TRACK",38.57873,-124.33002
"1740","8/29/2016 17:00","0-2571518","UNLIMITED-TRACK",38.57869,-124.33005
"1746","8/29/2016 16:36","0-2571518","UNLIMITED-TRACK",38.57677,-124.33403
"1748","8/29/2016 16:31","0-2571525","UNLIMITED-TRACK",38.57639,-124.33481
"1754","8/29/2016 16:06","0-2571518","UNLIMITED-TRACK",38.5745,-124.33884
"1756","8/29/2016 16:04","0-2571525","UNLIMITED-TRACK",38.5744,-124.33899
"1762","8/29/2016 15:36","0-2571518","UNLIMITED-TRACK",38.572,-124.34322
"1765","8/29/2016 15:31","0-2571525","UNLIMITED-TRACK",38.57172,-124.34365
"1771","8/29/2016 15:06","0-2571518","UNLIMITED-TRACK",38.56881,-124.34801
"1773","8/29/2016 15:03","0-2571525","UNLIMITED-TRACK",38.56944,-124.34795
"1779","8/29/2016 14:36","0-2571518","UNLIMITED-TRACK",38.56787,-124.35187
"1782","8/29/2016 14:32","0-2571525","UNLIMITED-TRACK",38.5675,-124.3526
"1788","8/29/2016 14:06","0-2571518","UNLIMITED-TRACK",38.56606,-124.35567
"1790","8/29/2016 14:03","0-2571525","UNLIMITED-TRACK",38.56585,-124.35614
"1796","8/29/2016 13:37","0-2571518","UNLIMITED-TRACK",38.56456,-124.35921
"1799","8/29/2016 13:32","0-2571525","UNLIMITED-TRACK",38.56427,-124.35989
"1805","8/29/2016 13:07","0-2571518","UNLIMITED-TRACK",38.56343,-124.36345
"1807","8/29/2016 13:03","0-2571525","UNLIMITED-TRACK",38.56339,-124.36386
"1814","8/29/2016 12:37","0-2571518","UNLIMITED-TRACK",38.56225,-124.36809
"1817","8/29/2016 12:32","0-2571525","UNLIMITED-TRACK",38.56196,-124.36894
"1823","8/29/2016 12:07","0-2571518","UNLIMITED-TRACK",38.56079,-124.37306
"1825","8/29/2016 12:03","0-2571525","UNLIMITED-TRACK",38.5606,-124.37381
"1832","8/29/2016 11:38","0-2571518","UNLIMITED-TRACK",38.55935,-124.37772
"1834","8/29/2016 11:34","0-2571525","UNLIMITED-TRACK",38.55916,-124.3783
"1841","8/29/2016 11:07","0-2571518","UNLIMITED-TRACK",38.55786,-124.38246
"1844","8/29/2016 11:02","0-2571525","UNLIMITED-TRACK",38.55761,-124.38329
"1851","8/29/2016 10:38","0-2571518","UNLIMITED-TRACK",38.55602,-124.38715
"1853","8/29/2016 10:33","0-2571525","UNLIMITED-TRACK",38.55575,-124.38794
"1860","8/29/2016 10:08","0-2571518","UNLIMITED-TRACK",38.55359,-124.39264
"1861","8/29/2016 10:06","0-2571525","UNLIMITED-TRACK",38.55348,-124.39293
"1869","8/29/2016 9:39","0-2571518","UNLIMITED-TRACK",38.55079,-124.39735
"1872","8/29/2016 9:33","0-2571525","UNLIMITED-TRACK",38.55014,-124.39815
"1879","8/29/2016 9:08","0-2571518","UNLIMITED-TRACK",38.547,-124.40125
"1882","8/29/2016 9:04","0-2571525","UNLIMITED-TRACK",38.54637,-124.40178
"1889","8/29/2016 8:39","0-2571518","UNLIMITED-TRACK",38.54286,-124.40453
"1892","8/29/2016 8:34","0-2571525","UNLIMITED-TRACK",38.54204,-124.40504
"1898","8/29/2016 8:08","0-2571518","UNLIMITED-TRACK",38.53852,-124.4079
"1900","8/29/2016 8:04","0-2571525","UNLIMITED-TRACK",38.53803,-124.40843
"1907","8/29/2016 7:39","0-2571518","UNLIMITED-TRACK",38.53442,-124.4113
"1909","8/29/2016 7:33","0-2571525","UNLIMITED-TRACK",38.53356,-124.41212
"1916","8/29/2016 7:09","0-2571518","UNLIMITED-TRACK",38.53011,-124.41493
"1918","8/29/2016 7:05","0-2571525","UNLIMITED-TRACK",38.52951,-124.41536
"1925","8/29/2016 6:39","0-2571518","UNLIMITED-TRACK",38.5259,-124.41869
"1927","8/29/2016 6:35","0-2571525","UNLIMITED-TRACK",38.52522,-124.41939
"1934","8/29/2016 6:09","0-2571518","UNLIMITED-TRACK",38.52151,-124.42297
"1937","8/29/2016 6:04","0-2571525","UNLIMITED-TRACK",38.52058,-124.42371
"1943","8/29/2016 5:40","0-2571518","UNLIMITED-TRACK",38.51682,-124.4267
"1946","8/29/2016 5:37","0-2571525","UNLIMITED-TRACK",38.51652,-124.42693
"1952","8/29/2016 5:09","0-2571518","UNLIMITED-TRACK",38.5126,-124.42972
"1955","8/29/2016 5:04","0-2571525","UNLIMITED-TRACK",38.51184,-124.43021
"1962","8/29/2016 4:40","0-2571518","UNLIMITED-TRACK",38.5092,-124.43225
"1964","8/29/2016 4:35","0-2571525","UNLIMITED-TRACK",38.50871,-124.43272
"1971","8/29/2016 4:10","0-2571518","UNLIMITED-TRACK",38.50609,-124.43515
"1973","8/29/2016 4:04","0-2571525","UNLIMITED-TRACK",38.50546,-124.43575
"1980","8/29/2016 3:41","0-2571518","UNLIMITED-TRACK",38.50306,-124.43817
"1983","8/29/2016 3:35","0-2571525","UNLIMITED-TRACK",38.50256,-124.43886
"1990","8/29/2016 3:10","0-2571518","UNLIMITED-TRACK",38.50074,-124.4425
"1991","8/29/2016 3:08","0-2571525","UNLIMITED-TRACK",38.5011,-124.44257
"1998","8/29/2016 2:41","0-2571518","UNLIMITED-TRACK",38.49912,-124.44704
"2000","8/29/2016 2:38","0-2571525","UNLIMITED-TRACK",38.49874,-124.44806
"2009","8/29/2016 2:10","0-2571518","UNLIMITED-TRACK",38.49724,-124.4516
"2012","8/29/2016 2:06","0-2571525","UNLIMITED-TRACK",38.49691,-124.45235
"2018","8/29/2016 1:41","0-2571518","UNLIMITED-TRACK",38.49567,-124.45619
"2021","8/29/2016 1:34","0-2571525","UNLIMITED-TRACK",38.49526,-124.45724
"2028","8/29/2016 1:11","0-2571518","UNLIMITED-TRACK",38.49408,-124.46091
"2031","8/29/2016 1:04","0-2571525","UNLIMITED-TRACK",38.49383,-124.46196
"2038","8/29/2016 0:42","0-2571518","UNLIMITED-TRACK",38.49258,-124.466
"2040","8/29/2016 0:37","0-2571525","UNLIMITED-TRACK",38.49233,-124.46675
"2047","8/29/2016 0:11","0-2571518","UNLIMITED-TRACK",38.49047,-124.47098
"2050","8/29/2016 0:07","0-2571525","UNLIMITED-TRACK",38.48993,-124.4719
"2057","8/28/2016 23:42","0-2571518","UNLIMITED-TRACK",38.48797,-124.47519
"2060","8/28/2016 23:35","0-2571525","UNLIMITED-TRACK",38.48733,-124.47614
"2067","8/28/2016 23:12","0-2571518","UNLIMITED-TRACK",38.48515,-124.47916
"2070","8/28/2016 23:05","0-2571525","UNLIMITED-TRACK",38.48471,-124.47974
"2077","8/28/2016 22:42","0-2571518","UNLIMITED-TRACK",38.48237,-124.48308
"2079","8/28/2016 22:36","0-2571525","UNLIMITED-TRACK",38.48179,-124.48404
"2085","8/28/2016 22:12","0-2571518","UNLIMITED-TRACK",38.47934,-124.48747
"2087","8/28/2016 22:06","0-2571525","UNLIMITED-TRACK",38.47881,-124.48825
"2094","8/28/2016 21:43","0-2571518","UNLIMITED-TRACK",38.47601,-124.49117
"2096","8/28/2016 21:36","0-2571525","UNLIMITED-TRACK",38.47482,-124.49194
"2102","8/28/2016 21:12","0-2571518","UNLIMITED-TRACK",38.47118,-124.49463
"2104","8/28/2016 21:07","0-2571525","UNLIMITED-TRACK",38.47026,-124.49522
"2110","8/28/2016 20:43","0-2571518","UNLIMITED-TRACK",38.46602,-124.49782
"2113","8/28/2016 20:36","0-2571525","UNLIMITED-TRACK",38.46474,-124.49864
"2120","8/28/2016 20:12","0-2571518","UNLIMITED-TRACK",38.46062,-124.50099
"2123","8/28/2016 20:06","0-2571525","UNLIMITED-TRACK",38.45947,-124.50166
"2130","8/28/2016 19:43","0-2571518","UNLIMITED-TRACK",38.45554,-124.50388
"2133","8/28/2016 19:36","0-2571525","UNLIMITED-TRACK",38.45475,-124.50432
"2140","8/28/2016 19:12","0-2571518","UNLIMITED-TRACK",38.4498,-124.50731
"2143","8/28/2016 19:06","0-2571525","UNLIMITED-TRACK",38.44766,-124.50458
"2149","8/28/2016 18:43","0-2571518","UNLIMITED-TRACK",38.44445,-124.51053
"2152","8/28/2016 18:37","0-2571525","UNLIMITED-TRACK",38.44334,-124.51128
"2159","8/28/2016 18:13","0-2571518","UNLIMITED-TRACK",38.43916,-124.51398
"2167","8/28/2016 17:44","0-2571518","UNLIMITED-TRACK",38.43347,-124.51636
"2170","8/28/2016 17:37","0-2571525","UNLIMITED-TRACK",38.43219,-124.51682
"2177","8/28/2016 17:13","0-2571518","UNLIMITED-TRACK",38.42751,-124.51851
"2179","8/28/2016 17:08","0-2571525","UNLIMITED-TRACK",38.42649,-124.51892
"2182","8/28/2016 17:00","0-2571518","UNLIMITED-TRACK",38.42488,-124.51953
"2188","8/28/2016 16:44","0-2571518","UNLIMITED-TRACK",38.42166,-124.52063
"2190","8/28/2016 16:36","0-2571525","UNLIMITED-TRACK",38.42017,-124.52106
"2197","8/28/2016 16:14","0-2571518","UNLIMITED-TRACK",38.41606,-124.5226
"2200","8/28/2016 16:07","0-2571525","STOP",38.41497,-124.52289
"2207","8/28/2016 15:44","0-2571518","UNLIMITED-TRACK",38.41107,-124.52437
"2210","8/28/2016 15:37","0-2571525","UNLIMITED-TRACK",38.40978,-124.52473
"2216","8/28/2016 15:14","0-2571518","UNLIMITED-TRACK",38.40146,-124.52729
"2218","8/28/2016 15:08","0-2571525","UNLIMITED-TRACK",38.40501,-124.52621
"2225","8/28/2016 14:44","0-2571518","UNLIMITED-TRACK",38.39747,-124.52918
"2227","8/28/2016 14:37","0-2571525","UNLIMITED-TRACK",38.40024,-124.52777
"2235","8/28/2016 14:08","0-2571525","STOP",38.39669,-124.52965
"2242","8/28/2016 13:45","0-2571518","STOP",38.39426,-124.53181
"2244","8/28/2016 13:38","0-2571525","STOP",38.39334,-124.5324
"2251","8/28/2016 13:14","0-2571518","UNLIMITED-TRACK",38.39055,-124.53511
"2253","8/28/2016 13:08","0-2571525","STOP",38.38974,-124.53592
"2260","8/28/2016 12:45","0-2571518","UNLIMITED-TRACK",38.38685,-124.53897
"2262","8/28/2016 12:40","0-2571525","UNLIMITED-TRACK",38.38626,-124.53976
"2268","8/28/2016 12:15","0-2571518","UNLIMITED-TRACK",38.38298,-124.54353
"2271","8/28/2016 12:10","0-2571525","UNLIMITED-TRACK",38.38197,-124.54465
"2278","8/28/2016 11:45","0-2571518","STOP",38.37882,-124.54761
"2280","8/28/2016 11:39","0-2571525","UNLIMITED-TRACK",38.37807,-124.54829
"2287","8/28/2016 11:14","0-2571518","UNLIMITED-TRACK",38.3742,-124.55104
"2290","8/28/2016 11:08","0-2571525","UNLIMITED-TRACK",38.37312,-124.55162
"2297","8/28/2016 10:45","0-2571518","UNLIMITED-TRACK",38.36832,-124.55305
"2300","8/28/2016 10:38","0-2571525","UNLIMITED-TRACK",38.36681,-124.55342
"2306","8/28/2016 10:15","0-2571518","UNLIMITED-TRACK",38.36198,-124.55458
"2309","8/28/2016 10:10","0-2571525","UNLIMITED-TRACK",38.36106,-124.55475
"2316","8/28/2016 9:45","0-2571518","UNLIMITED-TRACK",38.35573,-124.55556
"2319","8/28/2016 9:40","0-2571525","UNLIMITED-TRACK",38.35424,-124.55561
"2326","8/28/2016 9:15","0-2571518","UNLIMITED-TRACK",38.34915,-124.55574
"2328","8/28/2016 9:10","0-2571525","UNLIMITED-TRACK",38.34806,-124.55576
"2335","8/28/2016 8:45","0-2571518","UNLIMITED-TRACK",38.34311,-124.55579
"2338","8/28/2016 8:38","0-2571525","UNLIMITED-TRACK",38.34137,-124.55702
"2345","8/28/2016 8:15","0-2571518","UNLIMITED-TRACK",38.33708,-124.5547
"2348","8/28/2016 8:10","0-2571525","UNLIMITED-TRACK",38.33611,-124.55449
"2355","8/28/2016 7:46","0-2571518","UNLIMITED-TRACK",38.33175,-124.5535
"2358","8/28/2016 7:38","0-2571525","UNLIMITED-TRACK",38.33051,-124.55321
"2365","8/28/2016 7:15","0-2571518","STOP",38.32688,-124.55254
"2368","8/28/2016 7:09","0-2571525","UNLIMITED-TRACK",38.32584,-124.55246
"2375","8/28/2016 6:46","0-2571518","UNLIMITED-TRACK",38.32214,-124.55217
"2378","8/28/2016 6:38","0-2571525","UNLIMITED-TRACK",38.32092,-124.55223
"2385","8/28/2016 6:15","0-2571518","UNLIMITED-TRACK",38.31709,-124.55246
"2388","8/28/2016 6:10","0-2571525","UNLIMITED-TRACK",38.31615,-124.55249
"2395","8/28/2016 5:46","0-2571518","UNLIMITED-TRACK",38.31204,-124.55238
"2398","8/28/2016 5:38","0-2571525","UNLIMITED-TRACK",38.31088,-124.55228
"2404","8/28/2016 5:15","0-2571518","UNLIMITED-TRACK",38.30763,-124.5519
"2407","8/28/2016 5:09","0-2571525","UNLIMITED-TRACK",38.30679,-124.55177
"2414","8/28/2016 4:46","0-2571518","STOP",38.30361,-124.55177
"2417","8/28/2016 4:39","0-2571525","UNLIMITED-TRACK",38.30276,-124.55177
"2423","8/28/2016 4:16","0-2571518","STOP",38.29966,-124.55134
"2426","8/28/2016 4:11","0-2571525","UNLIMITED-TRACK",38.29904,-124.5513
"2433","8/28/2016 3:46","0-2571518","STOP",38.29588,-124.55134
"2436","8/28/2016 3:40","0-2571525","UNLIMITED-TRACK",38.29494,-124.55144
"2443","8/28/2016 3:16","0-2571518","STOP",38.29163,-124.55153
"2446","8/28/2016 3:09","0-2571525","UNLIMITED-TRACK",38.29055,-124.55159
"2453","8/28/2016 2:47","0-2571518","UNLIMITED-TRACK",38.28721,-124.55151
"2456","8/28/2016 2:41","0-2571525","UNLIMITED-TRACK",38.28646,-124.55144
"2463","8/28/2016 2:16","0-2571518","UNLIMITED-TRACK",38.28307,-124.55144
"2465","8/28/2016 2:10","0-2571525","UNLIMITED-TRACK",38.28229,-124.55153
"2472","8/28/2016 1:47","0-2571518","UNLIMITED-TRACK",38.27948,-124.55243
"2475","8/28/2016 1:41","0-2571525","UNLIMITED-TRACK",38.2786,-124.5528
"2482","8/28/2016 1:16","0-2571518","UNLIMITED-TRACK",38.27576,-124.55444
"2486","8/28/2016 1:10","0-2571525","UNLIMITED-TRACK",38.27499,-124.55492
"2492","8/28/2016 0:47","0-2571518","UNLIMITED-TRACK",38.27182,-124.5564
"2495","8/28/2016 0:42","0-2571525","UNLIMITED-TRACK",38.27113,-124.55682
"2502","8/28/2016 0:16","0-2571518","UNLIMITED-TRACK",38.26742,-124.55824
"2505","8/28/2016 0:10","0-2571525","UNLIMITED-TRACK",38.26642,-124.5587
"2512","8/27/2016 23:47","0-2571518","UNLIMITED-TRACK",38.26285,-124.55986
"2515","8/27/2016 23:41","0-2571525","UNLIMITED-TRACK",38.26183,-124.56007
"2522","8/27/2016 23:17","0-2571518","UNLIMITED-TRACK",38.25764,-124.56061
"2525","8/27/2016 23:12","0-2571525","UNLIMITED-TRACK",38.25683,-124.56056
"2532","8/27/2016 22:48","0-2571518","UNLIMITED-TRACK",38.2524,-124.56044
"2534","8/27/2016 22:40","0-2571525","UNLIMITED-TRACK",38.25101,-124.56039
"2541","8/27/2016 22:17","0-2571518","UNLIMITED-TRACK",38.24677,-124.55966
"2543","8/27/2016 22:12","0-2571525","UNLIMITED-TRACK",38.24595,-124.55945
"2550","8/27/2016 21:48","0-2571518","UNLIMITED-TRACK",38.24184,-124.5584
"2553","8/27/2016 21:40","0-2571525","UNLIMITED-TRACK",38.2406,-124.55801
"2560","8/27/2016 21:17","0-2571518","UNLIMITED-TRACK",38.23648,-124.55681
"2564","8/27/2016 21:10","0-2571525","UNLIMITED-TRACK",38.23509,-124.55638
"2570","8/27/2016 20:48","0-2571518","UNLIMITED-TRACK",38.23083,-124.5549
"2573","8/27/2016 20:43","0-2571525","UNLIMITED-TRACK",38.22982,-124.55452
"2580","8/27/2016 20:18","0-2571518","UNLIMITED-TRACK",38.22441,-124.55264
"2584","8/27/2016 20:11","0-2571525","UNLIMITED-TRACK",38.22281,-124.552
"2590","8/27/2016 19:48","0-2571518","UNLIMITED-TRACK",38.21832,-124.54941
"2593","8/27/2016 19:41","0-2571525","UNLIMITED-TRACK",38.21719,-124.54865
"2599","8/27/2016 19:18","0-2571518","UNLIMITED-TRACK",38.21234,-124.54512
"2602","8/27/2016 19:11","0-2571525","UNLIMITED-TRACK",38.21118,-124.54419
"2608","8/27/2016 18:48","0-2571518","UNLIMITED-TRACK",38.20706,-124.54066
"2617","8/27/2016 18:18","0-2571518","UNLIMITED-TRACK",38.20132,-124.53619
"2620","8/27/2016 18:12","0-2571525","UNLIMITED-TRACK",38.20017,-124.53531
"2627","8/27/2016 17:48","0-2571518","UNLIMITED-TRACK",38.19549,-124.53156
"2629","8/27/2016 17:43","0-2571525","UNLIMITED-TRACK",38.19455,-124.53067
"2637","8/27/2016 17:18","0-2571518","UNLIMITED-TRACK",38.19028,-124.52606
"2640","8/27/2016 17:11","0-2571525","UNLIMITED-TRACK",38.18912,-124.52475
"2642","8/27/2016 17:01","0-2571518","UNLIMITED-TRACK",38.18715,-124.52267
"2647","8/27/2016 16:49","0-2571518","UNLIMITED-TRACK",38.18527,-124.52042
"2649","8/27/2016 16:43","0-2571525","UNLIMITED-TRACK",38.18445,-124.51945
"2656","8/27/2016 16:18","0-2571518","UNLIMITED-TRACK",38.18104,-124.51512
"2659","8/27/2016 16:12","0-2571525","UNLIMITED-TRACK",38.18021,-124.51411
"2665","8/27/2016 15:49","0-2571518","UNLIMITED-TRACK",38.17741,-124.51027
"2667","8/27/2016 15:43","0-2571525","UNLIMITED-TRACK",38.1767,-124.5092
"2674","8/27/2016 15:19","0-2571518","UNLIMITED-TRACK",38.17423,-124.50514
"2677","8/27/2016 15:13","0-2571525","UNLIMITED-TRACK",38.1734,-124.50491
"2683","8/27/2016 14:49","0-2571518","UNLIMITED-TRACK",38.17138,-124.50041
"2686","8/27/2016 14:43","0-2571525","UNLIMITED-TRACK",38.1708,-124.49992
"2692","8/27/2016 14:19","0-2571518","UNLIMITED-TRACK",38.16876,-124.49649
"2695","8/27/2016 14:12","0-2571525","UNLIMITED-TRACK",38.16804,-124.49557
"2701","8/27/2016 13:49","0-2571518","UNLIMITED-TRACK",38.1658,-124.49306
"2704","8/27/2016 13:43","0-2571525","UNLIMITED-TRACK",38.16507,-124.49226
"2711","8/27/2016 13:19","0-2571518","UNLIMITED-TRACK",38.16236,-124.49051
"2715","8/27/2016 13:12","0-2571525","UNLIMITED-TRACK",38.16144,-124.4901
"2721","8/27/2016 12:50","0-2571518","UNLIMITED-TRACK",38.15865,-124.4882
"2725","8/27/2016 12:43","0-2571525","UNLIMITED-TRACK",38.15778,-124.48766
"2731","8/27/2016 12:19","0-2571518","UNLIMITED-TRACK",38.1543,-124.48566
"2734","8/27/2016 12:12","0-2571525","UNLIMITED-TRACK",38.15343,-124.48502
"2740","8/27/2016 11:50","0-2571518","UNLIMITED-TRACK",38.15057,-124.4828
"2744","8/27/2016 11:42","0-2571525","UNLIMITED-TRACK",38.14947,-124.48201
"2750","8/27/2016 11:20","0-2571518","UNLIMITED-TRACK",38.14663,-124.479
"2753","8/27/2016 11:15","0-2571525","UNLIMITED-TRACK",38.14601,-124.47836
"2760","8/27/2016 10:50","0-2571518","UNLIMITED-TRACK",38.14302,-124.47488
"2763","8/27/2016 10:45","0-2571525","UNLIMITED-TRACK",38.14241,-124.4742
"2770","8/27/2016 10:20","0-2571518","UNLIMITED-TRACK",38.13982,-124.47034
"2773","8/27/2016 10:15","0-2571525","UNLIMITED-TRACK",38.13915,-124.46957
"2780","8/27/2016 9:51","0-2571518","UNLIMITED-TRACK",38.13658,-124.46555
"2783","8/27/2016 9:45","0-2571525","UNLIMITED-TRACK",38.13589,-124.46442
"2790","8/27/2016 9:20","0-2571518","UNLIMITED-TRACK",38.13372,-124.46068
"2794","8/27/2016 9:13","0-2571525","UNLIMITED-TRACK",38.13309,-124.45973
"2800","8/27/2016 8:51","0-2571518","UNLIMITED-TRACK",38.1312,-124.45587
"2803","8/27/2016 8:43","0-2571525","UNLIMITED-TRACK",38.13048,-124.45444
"2809","8/27/2016 8:21","0-2571518","UNLIMITED-TRACK",38.12845,-124.45047
"2812","8/27/2016 8:14","0-2571525","UNLIMITED-TRACK",38.12801,-124.44937
"2818","8/27/2016 7:52","0-2571518","UNLIMITED-TRACK",38.12601,-124.44556
"2820","8/27/2016 7:44","0-2571525","UNLIMITED-TRACK",38.12518,-124.44443
"2827","8/27/2016 7:21","0-2571518","UNLIMITED-TRACK",38.12283,-124.44078
"2830","8/27/2016 7:14","0-2571525","UNLIMITED-TRACK",38.12213,-124.4398
"2836","8/27/2016 6:52","0-2571518","UNLIMITED-TRACK",38.11981,-124.43648
"2839","8/27/2016 6:43","0-2571525","UNLIMITED-TRACK",38.11893,-124.43494
"2845","8/27/2016 6:22","0-2571518","UNLIMITED-TRACK",38.11662,-124.43188
"2848","8/27/2016 6:15","0-2571525","UNLIMITED-TRACK",38.11573,-124.43092
"2854","8/27/2016 5:53","0-2571518","UNLIMITED-TRACK",38.11326,-124.42795
"2857","8/27/2016 5:43","0-2571525","UNLIMITED-TRACK",38.11219,-124.4268
"2863","8/27/2016 5:22","0-2571518","UNLIMITED-TRACK",38.10966,-124.42395
"2866","8/27/2016 5:13","0-2571525","UNLIMITED-TRACK",38.10884,-124.42265
"2872","8/27/2016 4:53","0-2571518","UNLIMITED-TRACK",38.10672,-124.42015
"2875","8/27/2016 4:46","0-2571525","UNLIMITED-TRACK",38.10607,-124.41939
"2882","8/27/2016 4:22","0-2571518","UNLIMITED-TRACK",38.10379,-124.41678
"2886","8/27/2016 4:13","0-2571525","UNLIMITED-TRACK",38.10288,-124.41545
"2892","8/27/2016 3:53","0-2571518","UNLIMITED-TRACK",38.10051,-124.41283
"2895","8/27/2016 3:43","0-2571525","UNLIMITED-TRACK",38.09949,-124.41219
"2901","8/27/2016 3:22","0-2571518","UNLIMITED-TRACK",38.09631,-124.40961
"2903","8/27/2016 3:14","0-2571525","UNLIMITED-TRACK",38.09531,-124.40845
"2909","8/27/2016 2:53","0-2571518","UNLIMITED-TRACK",38.09286,-124.40529
"2912","8/27/2016 2:44","0-2571525","UNLIMITED-TRACK",38.09192,-124.4039
"2918","8/27/2016 2:23","0-2571518","UNLIMITED-TRACK",38.08946,-124.4001
"2921","8/27/2016 2:14","0-2571525","UNLIMITED-TRACK",38.0886,-124.39871
"2927","8/27/2016 1:54","0-2571518","UNLIMITED-TRACK",38.08668,-124.39499
"2931","8/27/2016 1:44","0-2571525","UNLIMITED-TRACK",38.08576,-124.39287
"2937","8/27/2016 1:23","0-2571518","UNLIMITED-TRACK",38.08416,-124.38875
"2945","8/27/2016 0:54","0-2571518","UNLIMITED-TRACK",38.08214,-124.38309
"2948","8/27/2016 0:46","0-2571525","UNLIMITED-TRACK",38.08144,-124.38112
"2953","8/27/2016 0:24","0-2571518","UNLIMITED-TRACK",38.08021,-124.37617
"2956","8/27/2016 0:14","0-2571525","UNLIMITED-TRACK",38.07973,-124.37415
"2962","8/26/2016 23:54","0-2571518","UNLIMITED-TRACK",38.0784,-124.36951
"2965","8/26/2016 23:47","0-2571525","UNLIMITED-TRACK",38.07795,-124.36803
"2971","8/26/2016 23:24","0-2571518","UNLIMITED-TRACK",38.07664,-124.36279
"2974","8/26/2016 23:14","0-2571525","UNLIMITED-TRACK",38.07634,-124.36043
"2980","8/26/2016 22:55","0-2571518","UNLIMITED-TRACK",38.07588,-124.35562
"2983","8/26/2016 22:44","0-2571525","UNLIMITED-TRACK",38.07559,-124.35294
"2989","8/26/2016 22:24","0-2571518","UNLIMITED-TRACK",38.07493,-124.34753
"2992","8/26/2016 22:17","0-2571525","UNLIMITED-TRACK",38.07476,-124.34549
"2998","8/26/2016 21:55","0-2571518","UNLIMITED-TRACK",38.07447,-124.33942
"3002","8/26/2016 21:45","0-2571525","UNLIMITED-TRACK",38.07433,-124.33618
"3008","8/26/2016 21:25","0-2571518","UNLIMITED-TRACK",38.07446,-124.32983
"3011","8/26/2016 21:16","0-2571525","UNLIMITED-TRACK",38.07459,-124.32742
"3017","8/26/2016 20:55","0-2571518","UNLIMITED-TRACK",38.07472,-124.3223
"3020","8/26/2016 20:45","0-2571525","UNLIMITED-TRACK",38.07479,-124.31972
"3026","8/26/2016 20:25","0-2571518","UNLIMITED-TRACK",38.07495,-124.31546
"3029","8/26/2016 20:16","0-2571525","UNLIMITED-TRACK",38.0751,-124.31361
"3035","8/26/2016 19:56","0-2571518","UNLIMITED-TRACK",38.07532,-124.3091
"3038","8/26/2016 19:48","0-2571525","UNLIMITED-TRACK",38.07546,-124.30717
"3044","8/26/2016 19:25","0-2571518","UNLIMITED-TRACK",38.07593,-124.30206
"3047","8/26/2016 19:17","0-2571525","UNLIMITED-TRACK",38.07625,-124.3002
"3053","8/26/2016 18:56","0-2571518","UNLIMITED-TRACK",38.07681,-124.29562
"3056","8/26/2016 18:46","0-2571525","UNLIMITED-TRACK",38.07684,-124.29337
"3062","8/26/2016 18:26","0-2571518","UNLIMITED-TRACK",38.07695,-124.28934
"3065","8/26/2016 18:17","0-2571525","UNLIMITED-TRACK",38.07678,-124.28792
"3071","8/26/2016 17:56","0-2571518","UNLIMITED-TRACK",38.07629,-124.28412
"3074","8/26/2016 17:46","0-2571525","UNLIMITED-TRACK",38.07606,-124.2823
"3080","8/26/2016 17:26","0-2571518","UNLIMITED-TRACK",38.07559,-124.27917
"3084","8/26/2016 17:17","0-2571525","UNLIMITED-TRACK",38.07567,-124.27762
"3090","8/26/2016 17:00","0-2571518","UNLIMITED-TRACK",38.07561,-124.27507
"3091","8/26/2016 16:57","0-2571518","UNLIMITED-TRACK",38.07563,-124.27454
"3095","8/26/2016 16:46","0-2571525","UNLIMITED-TRACK",38.0755,-124.2731
"3101","8/26/2016 16:26","0-2571518","UNLIMITED-TRACK",38.07501,-124.271
"3105","8/26/2016 16:16","0-2571525","UNLIMITED-TRACK",38.07489,-124.26956
"3111","8/26/2016 15:57","0-2571518","UNLIMITED-TRACK",38.07489,-124.26717
"3114","8/26/2016 15:49","0-2571525","UNLIMITED-TRACK",38.07481,-124.26616
"3121","8/26/2016 15:26","0-2571518","UNLIMITED-TRACK",38.07452,-124.26266
"3124","8/26/2016 15:18","0-2571525","UNLIMITED-TRACK",38.07442,-124.26132
"3130","8/26/2016 14:57","0-2571518","UNLIMITED-TRACK",38.07412,-124.25827
"3134","8/26/2016 14:46","0-2571525","UNLIMITED-TRACK",38.07407,-124.25626
"3140","8/26/2016 14:26","0-2571518","UNLIMITED-TRACK",38.07376,-124.25273
"3143","8/26/2016 14:19","0-2571525","UNLIMITED-TRACK",38.07369,-124.25148
"3149","8/26/2016 13:57","0-2571518","UNLIMITED-TRACK",38.07344,-124.2482
"3153","8/26/2016 13:49","0-2571525","UNLIMITED-TRACK",38.07325,-124.24728
"3159","8/26/2016 13:27","0-2571518","UNLIMITED-TRACK",38.07287,-124.24434
"3163","8/26/2016 13:18","0-2571525","UNLIMITED-TRACK",38.07256,-124.24327
"3169","8/26/2016 12:58","0-2571518","UNLIMITED-TRACK",38.07197,-124.23999
"3173","8/26/2016 12:47","0-2571525","UNLIMITED-TRACK",38.07169,-124.23811
"3180","8/26/2016 12:27","0-2571518","UNLIMITED-TRACK",38.07105,-124.23439
"3183","8/26/2016 12:17","0-2571525","UNLIMITED-TRACK",38.07081,-124.23236
"3190","8/26/2016 11:58","0-2571518","UNLIMITED-TRACK",38.07032,-124.22847
"3193","8/26/2016 11:50","0-2571525","UNLIMITED-TRACK",38.07018,-124.22679
"3199","8/26/2016 11:27","0-2571518","UNLIMITED-TRACK",38.06983,-124.22179
"3203","8/26/2016 11:17","0-2571525","UNLIMITED-TRACK",38.06964,-124.21962
"3209","8/26/2016 10:58","0-2571518","UNLIMITED-TRACK",38.06971,-124.21497
"3212","8/26/2016 10:49","0-2571525","UNLIMITED-TRACK",38.06987,-124.21289
"3218","8/26/2016 10:27","0-2571518","UNLIMITED-TRACK",38.07038,-124.20795
"3221","8/26/2016 10:21","0-2571525","UNLIMITED-TRACK",38.07061,-124.20634
"3226","8/26/2016 9:58","0-2571518","UNLIMITED-TRACK",38.07154,-124.2014
"3229","8/26/2016 9:48","0-2571525","UNLIMITED-TRACK",38.07207,-124.19917
"3235","8/26/2016 9:28","0-2571518","UNLIMITED-TRACK",38.07307,-124.19499
"3238","8/26/2016 9:20","0-2571525","UNLIMITED-TRACK",38.07366,-124.1933
"3244","8/26/2016 8:58","0-2571518","UNLIMITED-TRACK",38.07541,-124.18939
"3248","8/26/2016 8:48","0-2571525","UNLIMITED-TRACK",38.0762,-124.18739
"3254","8/26/2016 8:28","0-2571518","UNLIMITED-TRACK",38.0774,-124.18445
"3258","8/26/2016 8:18","0-2571525","UNLIMITED-TRACK",38.07774,-124.18336
"3264","8/26/2016 7:59","0-2571518","UNLIMITED-TRACK",38.07872,-124.18011
"3268","8/26/2016 7:50","0-2571525","UNLIMITED-TRACK",38.07902,-124.17874
"3274","8/26/2016 7:28","0-2571518","UNLIMITED-TRACK",38.07984,-124.17603
"3277","8/26/2016 7:18","0-2571525","UNLIMITED-TRACK",38.08048,-124.1745
"3283","8/26/2016 6:59","0-2571518","UNLIMITED-TRACK",38.08131,-124.17191
"3286","8/26/2016 6:48","0-2571525","UNLIMITED-TRACK",38.08147,-124.17044
"3292","8/26/2016 6:29","0-2571518","UNLIMITED-TRACK",38.08166,-124.16815
"3296","8/26/2016 6:18","0-2571525","UNLIMITED-TRACK",38.0816,-124.16701
"3302","8/26/2016 5:59","0-2571518","UNLIMITED-TRACK",38.08175,-124.16406
"3305","8/26/2016 5:48","0-2571525","UNLIMITED-TRACK",38.08164,-124.1624
"3311","8/26/2016 5:29","0-2571518","UNLIMITED-TRACK",38.08173,-124.15947
"3315","8/26/2016 5:20","0-2571525","UNLIMITED-TRACK",38.0819,-124.15807
"3321","8/26/2016 5:00","0-2571518","UNLIMITED-TRACK",38.08179,-124.1554
"3325","8/26/2016 4:48","0-2571525","UNLIMITED-TRACK",38.08165,-124.15395
"3331","8/26/2016 4:29","0-2571518","UNLIMITED-TRACK",38.08136,-124.15143
"3335","8/26/2016 4:20","0-2571525","UNLIMITED-TRACK",38.08125,-124.15019
"3341","8/26/2016 4:00","0-2571518","UNLIMITED-TRACK",38.08104,-124.14755
"3345","8/26/2016 3:48","0-2571525","UNLIMITED-TRACK",38.08126,-124.14539
"3350","8/26/2016 3:29","0-2571518","UNLIMITED-TRACK",38.08202,-124.14171
"3353","8/26/2016 3:18","0-2571525","UNLIMITED-TRACK",38.08264,-124.13963
"3359","8/26/2016 3:00","0-2571518","UNLIMITED-TRACK",38.08392,-124.13626
"3362","8/26/2016 2:50","0-2571525","UNLIMITED-TRACK",38.0846,-124.13486
"3368","8/26/2016 2:30","0-2571518","UNLIMITED-TRACK",38.08563,-124.13223
"3373","8/26/2016 2:18","0-2571525","UNLIMITED-TRACK",38.08606,-124.13046
"3378","8/26/2016 2:01","0-2571518","UNLIMITED-TRACK",38.08676,-124.12817
"3382","8/26/2016 1:50","0-2571525","UNLIMITED-TRACK",38.08708,-124.1266
"3388","8/26/2016 1:31","0-2571518","UNLIMITED-TRACK",38.08796,-124.12315
"3392","8/26/2016 1:18","0-2571525","UNLIMITED-TRACK",38.08847,-124.12094
"3397","8/26/2016 1:01","0-2571518","UNLIMITED-TRACK",38.0893,-124.11792
"3402","8/26/2016 0:49","0-2571525","UNLIMITED-TRACK",38.08982,-124.11621
"3407","8/26/2016 0:31","0-2571518","UNLIMITED-TRACK",38.091,-124.11296
"3411","8/26/2016 0:18","0-2571525","UNLIMITED-TRACK",38.09161,-124.11128
"3417","8/26/2016 0:01","0-2571518","UNLIMITED-TRACK",38.09328,-124.10704
"3422","8/25/2016 23:48","0-2571525","UNLIMITED-TRACK",38.09427,-124.10467
"3427","8/25/2016 23:31","0-2571518","UNLIMITED-TRACK",38.09615,-124.10089
"3432","8/25/2016 23:18","0-2571525","UNLIMITED-TRACK",38.09723,-124.0984
"3437","8/25/2016 23:01","0-2571518","UNLIMITED-TRACK",38.09915,-124.09468
"3441","8/25/2016 22:50","0-2571525","UNLIMITED-TRACK",38.10044,-124.09264
"3446","8/25/2016 22:31","0-2571518","UNLIMITED-TRACK",38.10276,-124.08919
"3451","8/25/2016 22:19","0-2571525","UNLIMITED-TRACK",38.10398,-124.08708
"3456","8/25/2016 22:02","0-2571518","UNLIMITED-TRACK",38.10597,-124.08475
"3461","8/25/2016 21:50","0-2571525","UNLIMITED-TRACK",38.10715,-124.08313
"3466","8/25/2016 21:31","0-2571518","UNLIMITED-TRACK",38.10932,-124.08038
"3470","8/25/2016 21:19","0-2571525","UNLIMITED-TRACK",38.1109,-124.07855
"3475","8/25/2016 21:02","0-2571518","UNLIMITED-TRACK",38.113,-124.07652
"3478","8/25/2016 20:49","0-2571525","UNLIMITED-TRACK",38.11453,-124.0752
"3483","8/25/2016 20:32","0-2571518","UNLIMITED-TRACK",38.11625,-124.07329
"3486","8/25/2016 20:22","0-2571525","UNLIMITED-TRACK",38.11712,-124.07219
"3492","8/25/2016 20:03","0-2571518","UNLIMITED-TRACK",38.11855,-124.06985
"3495","8/25/2016 19:52","0-2571525","UNLIMITED-TRACK",38.11951,-124.06856
"3500","8/25/2016 19:32","0-2571518","UNLIMITED-TRACK",38.12174,-124.06613
"3503","8/25/2016 19:21","0-2571525","UNLIMITED-TRACK",38.12282,-124.06459
"3509","8/25/2016 19:03","0-2571518","UNLIMITED-TRACK",38.12437,-124.0627
"3513","8/25/2016 18:49","0-2571525","UNLIMITED-TRACK",38.12543,-124.06111
"3518","8/25/2016 18:33","0-2571518","UNLIMITED-TRACK",38.1269,-124.05927
"3521","8/25/2016 18:21","0-2571525","UNLIMITED-TRACK",38.12809,-124.05782
"3527","8/25/2016 18:04","0-2571518","UNLIMITED-TRACK",38.12995,-124.05577
"3531","8/25/2016 17:49","0-2571525","UNLIMITED-TRACK",38.13168,-124.05409
"3536","8/25/2016 17:33","0-2571518","UNLIMITED-TRACK",38.1333,-124.05214
"3540","8/25/2016 17:21","0-2571525","UNLIMITED-TRACK",38.13449,-124.05069
"3544","8/25/2016 17:04","0-2571518","UNLIMITED-TRACK",38.13618,-124.04901
"3545","8/25/2016 17:00","0-2571518","UNLIMITED-TRACK",38.13655,-124.04863
"3548","8/25/2016 16:52","0-2571525","UNLIMITED-TRACK",38.13714,-124.04774
"3554","8/25/2016 16:34","0-2571518","UNLIMITED-TRACK",38.13868,-124.04657
"3558","8/25/2016 16:20","0-2571525","UNLIMITED-TRACK",38.13968,-124.0452
"3563","8/25/2016 16:04","0-2571518","UNLIMITED-TRACK",38.14086,-124.04425
"3567","8/25/2016 15:50","0-2571525","UNLIMITED-TRACK",38.14207,-124.0434
"3572","8/25/2016 15:34","0-2571518","UNLIMITED-TRACK",38.14348,-124.0425
"3576","8/25/2016 15:23","0-2571525","UNLIMITED-TRACK",38.14441,-124.04199
"3581","8/25/2016 15:05","0-2571518","UNLIMITED-TRACK",38.14601,-124.04065
"3586","8/25/2016 14:50","0-2571525","UNLIMITED-TRACK",38.1472,-124.03966
"3590","8/25/2016 14:34","0-2571518","UNLIMITED-TRACK",38.14852,-124.0385
"3594","8/25/2016 14:20","0-2571525","UNLIMITED-TRACK",38.1498,-124.03743
"3599","8/25/2016 14:05","0-2571518","UNLIMITED-TRACK",38.15116,-124.03622
"3602","8/25/2016 13:53","0-2571525","UNLIMITED-TRACK",38.15232,-124.03534
"3607","8/25/2016 13:34","0-2571518","UNLIMITED-TRACK",38.1538,-124.03481
"3611","8/25/2016 13:21","0-2571525","UNLIMITED-TRACK",38.1547,-124.03415
"3615","8/25/2016 13:05","0-2571518","UNLIMITED-TRACK",38.15633,-124.03313
"3619","8/25/2016 12:51","0-2571525","UNLIMITED-TRACK",38.15792,-124.03198
"3624","8/25/2016 12:35","0-2571518","UNLIMITED-TRACK",38.15945,-124.03067
"3628","8/25/2016 12:23","0-2571525","UNLIMITED-TRACK",38.16048,-124.02982
"3633","8/25/2016 12:05","0-2571518","UNLIMITED-TRACK",38.16188,-124.02844
"3637","8/25/2016 11:51","0-2571525","UNLIMITED-TRACK",38.16315,-124.02739
"3641","8/25/2016 11:36","0-2571518","UNLIMITED-TRACK",38.1643,-124.02623
"3647","8/25/2016 11:21","0-2571525","UNLIMITED-TRACK",38.16517,-124.02528
"3650","8/25/2016 11:06","0-2571518","UNLIMITED-TRACK",38.16652,-124.02417
"3655","8/25/2016 10:53","0-2571525","UNLIMITED-TRACK",38.16779,-124.02312
"3659","8/25/2016 10:35","0-2571518","UNLIMITED-TRACK",38.17162,-124.02229
"3663","8/25/2016 10:23","0-2571525","UNLIMITED-TRACK",38.16995,-124.02058
"3667","8/25/2016 10:06","0-2571518","UNLIMITED-TRACK",38.17073,-124.01933
"3674","8/25/2016 9:51","0-2571525","UNLIMITED-TRACK",38.17154,-124.01813
"3677","8/25/2016 9:35","0-2571518","UNLIMITED-TRACK",38.17222,-124.01685
"3680","8/25/2016 9:23","0-2571525","UNLIMITED-TRACK",38.17283,-124.01573
"3686","8/25/2016 9:07","0-2571518","UNLIMITED-TRACK",38.17386,-124.01401
"3692","8/25/2016 8:51","0-2571525","UNLIMITED-TRACK",38.17513,-124.01213
"3695","8/25/2016 8:36","0-2571518","UNLIMITED-TRACK",38.17653,-124.01025
"3701","8/25/2016 8:21","0-2571525","UNLIMITED-TRACK",38.17836,-124.00824
"3704","8/25/2016 8:07","0-2571518","UNLIMITED-TRACK",38.18013,-124.00653
"3710","8/25/2016 7:51","0-2571525","UNLIMITED-TRACK",38.18154,-124.00524
"3713","8/25/2016 7:36","0-2571518","UNLIMITED-TRACK",38.18408,-124.00346
"3719","8/25/2016 7:21","0-2571525","UNLIMITED-TRACK",38.18606,-124.00211
"3721","8/25/2016 7:07","0-2571518","UNLIMITED-TRACK",38.18796,-124.0013
"3726","8/25/2016 6:51","0-2571525","UNLIMITED-TRACK",38.19006,-124.00024
"3729","8/25/2016 6:37","0-2571518","UNLIMITED-TRACK",38.19136,-123.99934
"3736","8/25/2016 6:21","0-2571525","UNLIMITED-TRACK",38.19268,-123.99878
"3738","8/25/2016 6:07","0-2571518","UNLIMITED-TRACK",38.19405,-123.998
"3746","8/25/2016 5:51","0-2571525","UNLIMITED-TRACK",38.1956,-123.99706
"3749","8/25/2016 5:37","0-2571518","UNLIMITED-TRACK",38.1966,-123.99565
"3757","8/25/2016 5:07","0-2571518","UNLIMITED-TRACK",38.19958,-123.99435
"3767","8/25/2016 4:37","0-2571518","UNLIMITED-TRACK",38.20247,-123.99228
"3776","8/25/2016 4:08","0-2571518","UNLIMITED-TRACK",38.20571,-123.99022
"3782","8/25/2016 3:51","0-2571525","UNLIMITED-TRACK",38.20777,-123.98874
"3785","8/25/2016 3:38","0-2571518","UNLIMITED-TRACK",38.20921,-123.98788
"3790","8/25/2016 3:25","0-2571525","UNLIMITED-TRACK",38.21069,-123.9868
"3794","8/25/2016 3:09","0-2571518","UNLIMITED-TRACK",38.21259,-123.98564
"3800","8/25/2016 2:51","0-2571525","UNLIMITED-TRACK",38.21513,-123.98451
"3803","8/25/2016 2:38","0-2571518","UNLIMITED-TRACK",38.21717,-123.98346
"3810","8/25/2016 2:21","0-2571525","UNLIMITED-TRACK",38.21942,-123.98175
"3812","8/25/2016 2:09","0-2571518","UNLIMITED-TRACK",38.22101,-123.98055
"3819","8/25/2016 1:51","0-2571525","UNLIMITED-TRACK",38.22264,-123.97943
"3822","8/25/2016 1:38","0-2571518","UNLIMITED-TRACK",38.22458,-123.97801
"3828","8/25/2016 1:21","0-2571525","UNLIMITED-TRACK",38.2268,-123.97651
"3831","8/25/2016 1:10","0-2571518","UNLIMITED-TRACK",38.2285,-123.97545
"3837","8/25/2016 0:51","0-2571525","UNLIMITED-TRACK",38.231,-123.97443
"3840","8/25/2016 0:39","0-2571518","UNLIMITED-TRACK",38.23279,-123.97351
"3846","8/25/2016 0:24","0-2571525","UNLIMITED-TRACK",38.23491,-123.97263
"3849","8/25/2016 0:09","0-2571518","UNLIMITED-TRACK",38.23726,-123.97202
"3855","8/24/2016 23:52","0-2571525","UNLIMITED-TRACK",38.23955,-123.97148
"3858","8/24/2016 23:39","0-2571518","UNLIMITED-TRACK",38.24131,-123.97084
"3864","8/24/2016 23:22","0-2571525","UNLIMITED-TRACK",38.24352,-123.9702
"3867","8/24/2016 23:10","0-2571518","UNLIMITED-TRACK",38.24538,-123.96973
"3871","8/24/2016 22:56","0-2571525","UNLIMITED-TRACK",38.24785,-123.96909
"3875","8/24/2016 22:39","0-2571518","UNLIMITED-TRACK",38.25082,-123.96825
"3880","8/24/2016 22:26","0-2571525","UNLIMITED-TRACK",38.25373,-123.96763
"3884","8/24/2016 22:10","0-2571518","UNLIMITED-TRACK",38.25615,-123.96736
"3890","8/24/2016 21:52","0-2571525","UNLIMITED-TRACK",38.25946,-123.96745
"3892","8/24/2016 21:40","0-2571518","UNLIMITED-TRACK",38.26184,-123.96758
"3901","8/24/2016 21:11","0-2571518","UNLIMITED-TRACK",38.26671,-123.96815
"3908","8/24/2016 20:40","0-2571518","UNLIMITED-TRACK",38.27168,-123.96884
"3915","8/24/2016 20:11","0-2571518","UNLIMITED-TRACK",38.27604,-123.96971
"3922","8/24/2016 19:53","0-2571525","UNLIMITED-TRACK",38.27858,-123.96983
"3925","8/24/2016 19:41","0-2571518","UNLIMITED-TRACK",38.28008,-123.96979
"3934","8/24/2016 19:12","0-2571518","UNLIMITED-TRACK",38.28335,-123.96973
"3941","8/24/2016 18:41","0-2571518","UNLIMITED-TRACK",38.28615,-123.97006
"3949","8/24/2016 18:24","0-2571525","UNLIMITED-TRACK",38.28789,-123.97026
"3952","8/24/2016 18:12","0-2571518","UNLIMITED-TRACK",38.2893,-123.97058
"3957","8/24/2016 17:55","0-2571525","UNLIMITED-TRACK",38.29116,-123.9709
"3960","8/24/2016 17:41","0-2571518","UNLIMITED-TRACK",38.2929,-123.97067
"3967","8/24/2016 17:23","0-2571525","UNLIMITED-TRACK",38.29509,-123.97032
"3970","8/24/2016 17:12","0-2571518","UNLIMITED-TRACK",38.29633,-123.97003
"3974","8/24/2016 17:00","0-2571518","UNLIMITED-TRACK",38.29785,-123.9696
"3977","8/24/2016 16:53","0-2571525","UNLIMITED-TRACK",38.29873,-123.96939
"3979","8/24/2016 16:42","0-2571518","UNLIMITED-TRACK",38.30028,-123.96895
"3987","8/24/2016 16:26","0-2571525","UNLIMITED-TRACK",38.3025,-123.96837
"3990","8/24/2016 16:12","0-2571518","UNLIMITED-TRACK",38.30451,-123.96793
"3997","8/24/2016 15:56","0-2571525","UNLIMITED-TRACK",38.30718,-123.96794
"3999","8/24/2016 15:42","0-2571518","UNLIMITED-TRACK",38.30899,-123.96808
"4007","8/24/2016 15:26","0-2571525","UNLIMITED-TRACK",38.31116,-123.96831
"4009","8/24/2016 15:13","0-2571518","UNLIMITED-TRACK",38.31276,-123.96841
"4016","8/24/2016 14:54","0-2571525","UNLIMITED-TRACK",38.31483,-123.96858
"4019","8/24/2016 14:42","0-2571518","UNLIMITED-TRACK",38.31612,-123.96858
"4025","8/24/2016 14:25","0-2571525","UNLIMITED-TRACK",38.3181,-123.96863
"4027","8/24/2016 14:13","0-2571518","UNLIMITED-TRACK",38.31951,-123.96861
"4033","8/24/2016 13:54","0-2571525","UNLIMITED-TRACK",38.32166,-123.96893
"4035","8/24/2016 13:43","0-2571518","UNLIMITED-TRACK",38.32286,-123.96915
"4043","8/24/2016 13:26","0-2571525","UNLIMITED-TRACK",38.32497,-123.96925
"4044","8/24/2016 13:14","0-2571518","UNLIMITED-TRACK",38.32641,-123.96956
"4053","8/24/2016 12:54","0-2571525","UNLIMITED-TRACK",38.32879,-123.96989
"4055","8/24/2016 12:43","0-2571518","UNLIMITED-TRACK",38.33011,-123.97021
"4062","8/24/2016 12:24","0-2571525","UNLIMITED-TRACK",38.33252,-123.97101
"4065","8/24/2016 12:14","0-2571518","UNLIMITED-TRACK",38.33355,-123.97136
"4071","8/24/2016 11:57","0-2571525","UNLIMITED-TRACK",38.33542,-123.97159
"4073","8/24/2016 11:44","0-2571518","UNLIMITED-TRACK",38.33711,-123.97179
"4080","8/24/2016 11:25","0-2571525","UNLIMITED-TRACK",38.33958,-123.9722
"4082","8/24/2016 11:14","0-2571518","UNLIMITED-TRACK",38.34095,-123.97237
"4088","8/24/2016 10:57","0-2571525","UNLIMITED-TRACK",38.34323,-123.97279
"4091","8/24/2016 10:44","0-2571518","UNLIMITED-TRACK",38.34492,-123.97336
"4097","8/24/2016 10:15","0-2571518","UNLIMITED-TRACK",38.34823,-123.97501
"4104","8/24/2016 9:55","0-2571525","UNLIMITED-TRACK",38.34988,-123.97607
"4105","8/24/2016 9:44","0-2571518","UNLIMITED-TRACK",38.35081,-123.97685
"4113","8/24/2016 9:27","0-2571525","UNLIMITED-TRACK",38.35198,-123.97803
"4114","8/24/2016 9:15","0-2571518","UNLIMITED-TRACK",38.35285,-123.97874
"4123","8/24/2016 8:56","0-2571525","UNLIMITED-TRACK",38.3538,-123.98003
"4126","8/24/2016 8:44","0-2571518","UNLIMITED-TRACK",38.3544,-123.98077
"4133","8/24/2016 8:25","0-2571525","UNLIMITED-TRACK",38.35543,-123.9812
"4134","8/24/2016 8:16","0-2571518","UNLIMITED-TRACK",38.35602,-123.98125
"4142","8/24/2016 7:55","0-2571525","UNLIMITED-TRACK",38.35715,-123.98111
"4144","8/24/2016 7:45","0-2571518","UNLIMITED-TRACK",38.35812,-123.98062
"4151","8/24/2016 7:27","0-2571525","UNLIMITED-TRACK",38.35968,-123.98038
"4153","8/24/2016 7:16","0-2571518","UNLIMITED-TRACK",38.3606,-123.98018
"4160","8/24/2016 6:57","0-2571525","UNLIMITED-TRACK",38.36219,-123.97987
"4163","8/24/2016 6:45","0-2571518","UNLIMITED-TRACK",38.36343,-123.97966
"4169","8/24/2016 6:27","0-2571525","UNLIMITED-TRACK",38.36555,-123.9796
"4170","8/24/2016 6:16","0-2571518","UNLIMITED-TRACK",38.36673,-123.97949
"4179","8/24/2016 5:58","0-2571525","UNLIMITED-TRACK",38.36866,-123.97934
"4182","8/24/2016 5:46","0-2571518","UNLIMITED-TRACK",38.37015,-123.97945
"4189","8/24/2016 5:29","0-2571525","UNLIMITED-TRACK",38.37231,-123.97945
"4190","8/24/2016 5:17","0-2571518","UNLIMITED-TRACK",38.37395,-123.97919
"4198","8/24/2016 4:57","0-2571525","UNLIMITED-TRACK",38.37645,-123.97943
"4199","8/24/2016 4:46","0-2571518","UNLIMITED-TRACK",38.37774,-123.9796
"4208","8/24/2016 4:27","0-2571525","UNLIMITED-TRACK",38.38004,-123.97998
"4209","8/24/2016 4:17","0-2571518","UNLIMITED-TRACK",38.38115,-123.98024
"4217","8/24/2016 4:00","0-2571525","UNLIMITED-TRACK",38.38293,-123.9805
"4218","8/24/2016 3:46","0-2571518","UNLIMITED-TRACK",38.3845,-123.98093
"4226","8/24/2016 3:27","0-2571525","UNLIMITED-TRACK",38.38622,-123.98143
"4228","8/24/2016 3:17","0-2571518","UNLIMITED-TRACK",38.38731,-123.98175
"4235","8/24/2016 2:57","0-2571525","UNLIMITED-TRACK",38.38902,-123.98219
"4236","8/24/2016 2:47","0-2571518","UNLIMITED-TRACK",38.39002,-123.98239
"4245","8/24/2016 2:27","0-2571525","UNLIMITED-TRACK",38.39185,-123.98296
"4246","8/24/2016 2:18","0-2571518","UNLIMITED-TRACK",38.39301,-123.98347
"4255","8/24/2016 1:57","0-2571525","UNLIMITED-TRACK",38.3949,-123.98413
"4256","8/24/2016 1:47","0-2571518","UNLIMITED-TRACK",38.39575,-123.98442
"4265","8/24/2016 1:28","0-2571525","UNLIMITED-TRACK",38.39754,-123.98515
"4266","8/24/2016 1:18","0-2571518","UNLIMITED-TRACK",38.39851,-123.98543
"4274","8/24/2016 0:59","0-2571525","UNLIMITED-TRACK",38.40059,-123.98584
"4275","8/24/2016 0:48","0-2571518","UNLIMITED-TRACK",38.40194,-123.98622
"4283","8/24/2016 0:28","0-2571525","UNLIMITED-TRACK",38.4042,-123.98666
"4284","8/24/2016 0:18","0-2571518","UNLIMITED-TRACK",38.40523,-123.987
"4293","8/23/2016 23:59","0-2571525","UNLIMITED-TRACK",38.40745,-123.98759
"4294","8/23/2016 23:48","0-2571518","UNLIMITED-TRACK",38.40893,-123.98816
"4303","8/23/2016 23:28","0-2571525","UNLIMITED-TRACK",38.41143,-123.98938
"4304","8/23/2016 23:18","0-2571518","UNLIMITED-TRACK",38.41264,-123.98991
"4312","8/23/2016 22:59","0-2571525","UNLIMITED-TRACK",38.41515,-123.99129
"4313","8/23/2016 22:48","0-2571518","UNLIMITED-TRACK",38.41629,-123.99203
"4321","8/23/2016 22:29","0-2571525","UNLIMITED-TRACK",38.41828,-123.99326
"4322","8/23/2016 22:19","0-2571518","UNLIMITED-TRACK",38.41945,-123.99402
"4330","8/23/2016 21:58","0-2571525","UNLIMITED-TRACK",38.42162,-123.99573
"4331","8/23/2016 21:48","0-2571518","UNLIMITED-TRACK",38.42237,-123.99641
"4339","8/23/2016 21:29","0-2571525","UNLIMITED-TRACK",38.42357,-123.99797
"4340","8/23/2016 21:18","0-2571518","UNLIMITED-TRACK",38.42429,-123.99902
"4347","8/23/2016 20:58","0-2571525","UNLIMITED-TRACK",38.42568,-124.00085
"4348","8/23/2016 20:48","0-2571518","UNLIMITED-TRACK",38.42641,-124.00154
"4357","8/23/2016 20:28","0-2571525","UNLIMITED-TRACK",38.42794,-124.00317
"4358","8/23/2016 20:18","0-2571518","UNLIMITED-TRACK",38.4287,-124.00404
"4367","8/23/2016 20:00","0-2571525","UNLIMITED-TRACK",38.43007,-124.00534
"4368","8/23/2016 19:48","0-2571518","UNLIMITED-TRACK",38.43118,-124.00606
"4377","8/23/2016 19:28","0-2571525","UNLIMITED-TRACK",38.43311,-124.00691
"4378","8/23/2016 19:19","0-2571518","UNLIMITED-TRACK",38.43401,-124.00729
"4386","8/23/2016 18:59","0-2571525","UNLIMITED-TRACK",38.43616,-124.00824
"4387","8/23/2016 18:49","0-2571518","UNLIMITED-TRACK",38.43714,-124.00867
"4395","8/23/2016 18:28","0-2571525","UNLIMITED-TRACK",38.43942,-124.01012
"4396","8/23/2016 18:19","0-2571518","UNLIMITED-TRACK",38.44036,-124.01086
"4405","8/23/2016 17:59","0-2571525","UNLIMITED-TRACK",38.44255,-124.0125
"4406","8/23/2016 17:49","0-2571518","UNLIMITED-TRACK",38.44344,-124.01318
"4415","8/23/2016 17:28","0-2571525","UNLIMITED-TRACK",38.44512,-124.01474
"4416","8/23/2016 17:20","0-2571518","UNLIMITED-TRACK",38.44567,-124.01561
"4424","8/23/2016 17:00","0-2571518","UNLIMITED-TRACK",38.4467,-124.01726
"4425","8/23/2016 16:59","0-2571525","UNLIMITED-TRACK",38.4468,-124.01746
"4426","8/23/2016 16:49","0-2571518","UNLIMITED-TRACK",38.44737,-124.01833
"4433","8/23/2016 16:28","0-2571525","UNLIMITED-TRACK",38.4487,-124.0202
"4434","8/23/2016 16:20","0-2571518","UNLIMITED-TRACK",38.44919,-124.02077
"4443","8/23/2016 15:58","0-2571525","UNLIMITED-TRACK",38.45066,-124.02191
"4444","8/23/2016 15:50","0-2571518","UNLIMITED-TRACK",38.45127,-124.02219
"4453","8/23/2016 15:30","0-2571525","UNLIMITED-TRACK",38.45284,-124.02277
"4454","8/23/2016 15:20","0-2571518","UNLIMITED-TRACK",38.45355,-124.02309
"4462","8/23/2016 15:00","0-2571525","UNLIMITED-TRACK",38.45494,-124.02371
"4463","8/23/2016 14:50","0-2571518","UNLIMITED-TRACK",38.45578,-124.02428
"4470","8/23/2016 14:28","0-2571525","UNLIMITED-TRACK",38.45744,-124.02577
"4471","8/23/2016 14:21","0-2571518","UNLIMITED-TRACK",38.45795,-124.02631
"4478","8/23/2016 14:00","0-2571525","UNLIMITED-TRACK",38.45912,-124.02789
"4479","8/23/2016 13:50","0-2571518","UNLIMITED-TRACK",38.4597,-124.02873
"4486","8/23/2016 13:31","0-2571525","UNLIMITED-TRACK",38.46069,-124.03026
"4487","8/23/2016 13:21","0-2571518","UNLIMITED-TRACK",38.46127,-124.03107
"4494","8/23/2016 13:00","0-2571525","UNLIMITED-TRACK",38.46245,-124.03259
"4495","8/23/2016 12:51","0-2571518","UNLIMITED-TRACK",38.46297,-124.03331
"4503","8/23/2016 12:32","0-2571525","UNLIMITED-TRACK",38.46422,-124.03464
"4505","8/23/2016 12:21","0-2571518","UNLIMITED-TRACK",38.46472,-124.03555
"4512","8/23/2016 12:00","0-2571525","UNLIMITED-TRACK",38.46572,-124.03703
"4513","8/23/2016 11:51","0-2571518","UNLIMITED-TRACK",38.46597,-124.03764
"4520","8/23/2016 11:30","0-2571525","UNLIMITED-TRACK",38.46692,-124.03934
"4521","8/23/2016 11:22","0-2571518","UNLIMITED-TRACK",38.46721,-124.03992
"4528","8/23/2016 10:59","0-2571525","UNLIMITED-TRACK",38.46835,-124.04192
"4529","8/23/2016 10:51","0-2571518","UNLIMITED-TRACK",38.46872,-124.04242
"4538","8/23/2016 10:30","0-2571525","UNLIMITED-TRACK",38.46982,-124.04388
"4539","8/23/2016 10:22","0-2571518","UNLIMITED-TRACK",38.47031,-124.04453
"4547","8/23/2016 9:59","0-2571525","UNLIMITED-TRACK",38.47198,-124.04646
"4548","8/23/2016 9:52","0-2571518","UNLIMITED-TRACK",38.47247,-124.04704
"4556","8/23/2016 9:29","0-2571525","UNLIMITED-TRACK",38.47404,-124.04942
"4557","8/23/2016 9:23","0-2571518","UNLIMITED-TRACK",38.47443,-124.05006
"4565","8/23/2016 9:01","0-2571525","UNLIMITED-TRACK",38.47581,-124.05229
"4566","8/23/2016 8:52","0-2571518","UNLIMITED-TRACK",38.47636,-124.05322
"4575","8/23/2016 8:29","0-2571525","UNLIMITED-TRACK",38.4776,-124.05543
"4576","8/23/2016 8:23","0-2571518","UNLIMITED-TRACK",38.47799,-124.05629
"4585","8/23/2016 8:00","0-2571525","UNLIMITED-TRACK",38.47911,-124.05888
"4586","8/23/2016 7:53","0-2571518","UNLIMITED-TRACK",38.47947,-124.05983
"4594","8/23/2016 7:30","0-2571525","UNLIMITED-TRACK",38.4809,-124.06227
"4595","8/23/2016 7:23","0-2571518","UNLIMITED-TRACK",38.48131,-124.06306
"4603","8/23/2016 6:59","0-2571525","UNLIMITED-TRACK",38.48279,-124.06552
"4604","8/23/2016 6:53","0-2571518","UNLIMITED-TRACK",38.48313,-124.06618
"4613","8/23/2016 6:31","0-2571525","UNLIMITED-TRACK",38.48445,-124.0683
"4614","8/23/2016 6:24","0-2571518","UNLIMITED-TRACK",38.48485,-124.06894
"4622","8/23/2016 5:59","0-2571525","UNLIMITED-TRACK",38.48624,-124.07146
"4623","8/23/2016 5:54","0-2571518","UNLIMITED-TRACK",38.48653,-124.07199
"4632","8/23/2016 5:31","0-2571525","UNLIMITED-TRACK",38.48779,-124.07397
"4633","8/23/2016 5:24","0-2571518","UNLIMITED-TRACK",38.48823,-124.07451
"4639","8/23/2016 4:59","0-2571525","UNLIMITED-TRACK",38.48959,-124.07611
"4640","8/23/2016 4:53","0-2571518","UNLIMITED-TRACK",38.48988,-124.07648
"4647","8/23/2016 4:30","0-2571525","UNLIMITED-TRACK",38.49109,-124.07759
"4648","8/23/2016 4:24","0-2571518","UNLIMITED-TRACK",38.49139,-124.0779
"4655","8/23/2016 4:00","0-2571525","UNLIMITED-TRACK",38.49246,-124.07925
"4656","8/23/2016 3:53","0-2571518","UNLIMITED-TRACK",38.49274,-124.07961
"4664","8/23/2016 3:31","0-2571525","UNLIMITED-TRACK",38.49361,-124.08066
"4665","8/23/2016 3:24","0-2571518","UNLIMITED-TRACK",38.49386,-124.08095
"4674","8/23/2016 3:00","0-2571525","UNLIMITED-TRACK",38.49125,-124.08348
"4676","8/23/2016 2:53","0-2571518","UNLIMITED-TRACK",38.49519,-124.08257
"4683","8/23/2016 2:32","0-2571525","UNLIMITED-TRACK",38.49637,-124.08324
"4684","8/23/2016 2:24","0-2571518","UNLIMITED-TRACK",38.49689,-124.08337
"4691","8/23/2016 2:00","0-2571525","UNLIMITED-TRACK",38.4982,-124.08434
"4692","8/23/2016 1:54","0-2571518","UNLIMITED-TRACK",38.49852,-124.08461
"4701","8/23/2016 1:32","0-2571525","UNLIMITED-TRACK",38.49968,-124.0856
"4702","8/23/2016 1:25","0-2571518","UNLIMITED-TRACK",38.50003,-124.08583
"4711","8/23/2016 1:00","0-2571525","UNLIMITED-TRACK",38.50185,-124.0871
"4712","8/23/2016 0:54","0-2571518","UNLIMITED-TRACK",38.5023,-124.08742
"4721","8/23/2016 0:30","0-2571525","UNLIMITED-TRACK",38.50383,-124.08887
"4722","8/23/2016 0:25","0-2571518","UNLIMITED-TRACK",38.50423,-124.08922
"4731","8/23/2016 0:00","0-2571525","UNLIMITED-TRACK",38.50572,-124.09093
"4732","8/22/2016 23:54","0-2571518","UNLIMITED-TRACK",38.50634,-124.09167
"4740","8/22/2016 23:31","0-2571525","UNLIMITED-TRACK",38.50801,-124.0939
"4741","8/22/2016 23:25","0-2571518","UNLIMITED-TRACK",38.5084,-124.09442
"4750","8/22/2016 23:02","0-2571525","UNLIMITED-TRACK",38.51007,-124.0966
"4751","8/22/2016 22:55","0-2571518","UNLIMITED-TRACK",38.51071,-124.09735
"4760","8/22/2016 22:31","0-2571525","UNLIMITED-TRACK",38.51266,-124.09982
"4761","8/22/2016 22:25","0-2571518","UNLIMITED-TRACK",38.51311,-124.10049
"4769","8/22/2016 22:02","0-2571525","UNLIMITED-TRACK",38.51511,-124.10316
"4770","8/22/2016 21:55","0-2571518","UNLIMITED-TRACK",38.51572,-124.10408
"4779","8/22/2016 21:31","0-2571525","UNLIMITED-TRACK",38.51778,-124.10753
"4780","8/22/2016 21:26","0-2571518","UNLIMITED-TRACK",38.51822,-124.10832
"4787","8/22/2016 21:03","0-2571525","UNLIMITED-TRACK",38.51981,-124.11165
"4788","8/22/2016 20:56","0-2571518","UNLIMITED-TRACK",38.52042,-124.11261
"4795","8/22/2016 20:31","0-2571525","UNLIMITED-TRACK",38.52239,-124.11621
"4796","8/22/2016 20:26","0-2571518","UNLIMITED-TRACK",38.52274,-124.11693
"4804","8/22/2016 20:02","0-2571525","UNLIMITED-TRACK",38.52442,-124.12062
"4805","8/22/2016 19:56","0-2571518","UNLIMITED-TRACK",38.52484,-124.12158
"4811","8/22/2016 19:31","0-2571525","UNLIMITED-TRACK",38.52677,-124.12511
"4812","8/22/2016 19:26","0-2571518","UNLIMITED-TRACK",38.52708,-124.12561
"4819","8/22/2016 19:02","0-2571525","UNLIMITED-TRACK",38.52888,-124.1293
"4821","8/22/2016 18:56","0-2571518","UNLIMITED-TRACK",38.52925,-124.13025
"4829","8/22/2016 18:32","0-2571525","UNLIMITED-TRACK",38.53056,-124.13431
"4830","8/22/2016 18:27","0-2571518","UNLIMITED-TRACK",38.53082,-124.13515
"4837","8/22/2016 18:01","0-2571525","UNLIMITED-TRACK",38.53184,-124.13921
"4838","8/22/2016 17:56","0-2571518","UNLIMITED-TRACK",38.53201,-124.14008
"4846","8/22/2016 17:34","0-2571525","UNLIMITED-TRACK",38.5326,-124.14328
"4847","8/22/2016 17:27","0-2571518","UNLIMITED-TRACK",38.5328,-124.1442
"4854","8/22/2016 17:02","0-2571525","UNLIMITED-TRACK",38.53341,-124.14711
"4855","8/22/2016 17:00","0-2571518","UNLIMITED-TRACK",38.53345,-124.14734
"4856","8/22/2016 16:56","0-2571518","UNLIMITED-TRACK",38.53353,-124.14777
"4863","8/22/2016 16:33","0-2571525","UNLIMITED-TRACK",38.53388,-124.15067
"4864","8/22/2016 16:27","0-2571518","UNLIMITED-TRACK",38.53398,-124.15141
"4872","8/22/2016 16:02","0-2571525","UNLIMITED-TRACK",38.53402,-124.15431
"4873","8/22/2016 15:57","0-2571518","UNLIMITED-TRACK",38.53398,-124.15489
"4880","8/22/2016 15:34","0-2571525","UNLIMITED-TRACK",38.53386,-124.15691
"4881","8/22/2016 15:28","0-2571518","UNLIMITED-TRACK",38.53378,-124.15749
"4889","8/22/2016 15:03","0-2571525","UNLIMITED-TRACK",38.53333,-124.15971
"4890","8/22/2016 14:57","0-2571518","UNLIMITED-TRACK",38.53323,-124.16013
"4898","8/22/2016 14:33","0-2571525","UNLIMITED-TRACK",38.53257,-124.16188
"4899","8/22/2016 14:28","0-2571518","UNLIMITED-TRACK",38.53246,-124.16225
"4908","8/22/2016 14:04","0-2571525","UNLIMITED-TRACK",38.53214,-124.16345
"4909","8/22/2016 13:57","0-2571518","UNLIMITED-TRACK",38.53204,-124.16368
"4918","8/22/2016 13:33","0-2571525","UNLIMITED-TRACK",38.53224,-124.16458
"4919","8/22/2016 13:28","0-2571518","UNLIMITED-TRACK",38.53231,-124.16473
"4926","8/22/2016 13:03","0-2571525","UNLIMITED-TRACK",38.53265,-124.16591
"4927","8/22/2016 12:58","0-2571518","UNLIMITED-TRACK",38.53275,-124.166
"4935","8/22/2016 12:32","0-2571525","UNLIMITED-TRACK",38.5332,-124.16727
"4936","8/22/2016 12:28","0-2571518","UNLIMITED-TRACK",38.53327,-124.16747
"4943","8/22/2016 12:04","0-2571525","UNLIMITED-TRACK",38.53356,-124.16879
"4944","8/22/2016 11:58","0-2571518","UNLIMITED-TRACK",38.5336,-124.16901
"4952","8/22/2016 11:33","0-2571525","UNLIMITED-TRACK",38.53424,-124.17007
"4953","8/22/2016 11:29","0-2571518","UNLIMITED-TRACK",38.53443,-124.17027
"4961","8/22/2016 11:06","0-2571525","UNLIMITED-TRACK",38.5355,-124.17181
"4962","8/22/2016 10:58","0-2571518","UNLIMITED-TRACK",38.53596,-124.17235
"4969","8/22/2016 10:35","0-2571525","UNLIMITED-TRACK",38.53757,-124.17403
"4970","8/22/2016 10:29","0-2571518","UNLIMITED-TRACK",38.53787,-124.17444
"4978","8/22/2016 10:05","0-2571525","UNLIMITED-TRACK",38.53972,-124.17703
"4979","8/22/2016 9:59","0-2571518","UNLIMITED-TRACK",38.54007,-124.17758
"4987","8/22/2016 9:34","0-2571525","UNLIMITED-TRACK",38.54152,-124.1808
"4988","8/22/2016 9:29","0-2571518","UNLIMITED-TRACK",38.54181,-124.18143
"4996","8/22/2016 9:05","0-2571525","UNLIMITED-TRACK",38.54303,-124.18495
"4997","8/22/2016 8:59","0-2571518","UNLIMITED-TRACK",38.54331,-124.18579
"5006","8/22/2016 8:33","0-2571525","UNLIMITED-TRACK",38.5442,-124.18919
"5007","8/22/2016 8:30","0-2571518","UNLIMITED-TRACK",38.5444,-124.18968
"5015","8/22/2016 8:03","0-2571525","UNLIMITED-TRACK",38.54556,-124.1933
"5016","8/22/2016 7:59","0-2571518","UNLIMITED-TRACK",38.5458,-124.19398
"5024","8/22/2016 7:36","0-2571525","UNLIMITED-TRACK",38.5468,-124.19736
"5025","8/22/2016 7:30","0-2571518","UNLIMITED-TRACK",38.54704,-124.19827
"5031","8/22/2016 7:04","0-2571525","UNLIMITED-TRACK",38.54802,-124.2018
"5032","8/22/2016 6:59","0-2571518","UNLIMITED-TRACK",38.54821,-124.20251
"5038","8/22/2016 6:34","0-2571525","UNLIMITED-TRACK",38.54917,-124.20615
"5039","8/22/2016 6:30","0-2571518","UNLIMITED-TRACK",38.54935,-124.20668
"5045","8/22/2016 6:04","0-2571525","UNLIMITED-TRACK",38.55071,-124.20967
"5046","8/22/2016 6:00","0-2571518","UNLIMITED-TRACK",38.55109,-124.21059
"5052","8/22/2016 5:34","0-2571525","UNLIMITED-TRACK",38.55251,-124.21362
"5053","8/22/2016 5:30","0-2571518","UNLIMITED-TRACK",38.55274,-124.21419
"5059","8/22/2016 5:06","0-2571525","UNLIMITED-TRACK",38.55399,-124.21735
"5060","8/22/2016 5:00","0-2571518","UNLIMITED-TRACK",38.55426,-124.21814
"5066","8/22/2016 4:34","0-2571525","UNLIMITED-TRACK",38.55523,-124.22151
"5067","8/22/2016 4:30","0-2571518","UNLIMITED-TRACK",38.55537,-124.22209
"5073","8/22/2016 4:06","0-2571525","UNLIMITED-TRACK",38.55571,-124.22536
"5074","8/22/2016 4:00","0-2571518","UNLIMITED-TRACK",38.55573,-124.22615
"5080","8/22/2016 3:39","0-2571525","UNLIMITED-TRACK",38.55634,-124.22816
"5081","8/22/2016 3:31","0-2571518","UNLIMITED-TRACK",38.5558,-124.22926
"5088","8/22/2016 3:05","0-2571525","UNLIMITED-TRACK",38.55578,-124.2317
"5089","8/22/2016 3:00","0-2571518","UNLIMITED-TRACK",38.5558,-124.23222
"5095","8/22/2016 2:37","0-2571525","UNLIMITED-TRACK",38.55558,-124.23457
"5096","8/22/2016 2:31","0-2571518","UNLIMITED-TRACK",38.55556,-124.23511
"5101","8/22/2016 2:07","0-2571525","UNLIMITED-TRACK",38.55515,-124.23749
"5102","8/22/2016 2:00","0-2571518","UNLIMITED-TRACK",38.55504,-124.23793
"5108","8/22/2016 1:37","0-2571525","UNLIMITED-TRACK",38.55451,-124.23964
"5109","8/22/2016 1:31","0-2571518","UNLIMITED-TRACK",38.55429,-124.2401
"5115","8/22/2016 1:01","0-2571518","UNLIMITED-TRACK",38.55372,-124.24127
"5122","8/22/2016 0:37","0-2571525","UNLIMITED-TRACK",38.55386,-124.24237
"5123","8/22/2016 0:31","0-2571518","UNLIMITED-TRACK",38.55394,-124.2426
"5130","8/22/2016 0:05","0-2571525","UNLIMITED-TRACK",38.55452,-124.24371
"5131","8/22/2016 0:01","0-2571518","UNLIMITED-TRACK",38.55466,-124.24397
